rule,layer,roi,res,rho,ci_lo,ci_hi,n_subs,rho_sub_mean,seed,seed_idx,arm
Backprop,Conv1,V1,32,0.061788,,,3,0.042178,42,0,NATIVE
Backprop,Conv1,V2,32,0.041003,,,3,0.026874,42,0,NATIVE
Backprop,Conv2,V1,32,0.064858,,,3,0.042613,42,0,NATIVE
Backprop,Conv2,V2,32,0.035019,,,3,0.022239,42,0,NATIVE
Backprop,Conv3,LOC,32,0.018499,,,3,0.011543,42,0,NATIVE
Backprop,FC1,IT,32,0.021852,,,3,0.014064,42,0,NATIVE
Backprop,Conv1,V1,64,0.050762,,,3,0.034256,42,0,NATIVE
Backprop,Conv1,V2,64,0.031813,,,3,0.020824,42,0,NATIVE
Backprop,Conv2,V1,64,0.002961,,,3,-0.000537,42,0,NATIVE
Backprop,Conv2,V2,64,-0.007157,,,3,-0.004925,42,0,NATIVE
Backprop,Conv3,LOC,64,0.01903,,,3,0.0114,42,0,NATIVE
Backprop,FC1,IT,64,0.02227,,,3,0.014294,42,0,NATIVE
Backprop,Conv1,V1,96,0.042005,,,3,0.028122,42,0,NATIVE
Backprop,Conv1,V2,96,0.025055,,,3,0.016426,42,0,NATIVE
Backprop,Conv2,V1,96,-0.02073,,,3,-0.016681,42,0,NATIVE
Backprop,Conv2,V2,96,-0.020452,,,3,-0.013531,42,0,NATIVE
Backprop,Conv3,LOC,96,0.016273,,,3,0.009726,42,0,NATIVE
Backprop,FC1,IT,96,0.020059,,,3,0.012898,42,0,NATIVE
Backprop,Conv1,V1,128,0.035982,,,3,0.023955,42,0,NATIVE
Backprop,Conv1,V2,128,0.020714,,,3,0.013611,42,0,NATIVE
Backprop,Conv2,V1,128,-0.030338,,,3,-0.023068,42,0,NATIVE
Backprop,Conv2,V2,128,-0.025081,,,3,-0.016565,42,0,NATIVE
Backprop,Conv3,LOC,128,0.014557,,,3,0.008717,42,0,NATIVE
Backprop,FC1,IT,128,0.017088,,,3,0.01113,42,0,NATIVE
Backprop,Conv1,V1,160,0.032683,,,3,0.021679,42,0,NATIVE
Backprop,Conv1,V2,160,0.018494,,,3,0.012169,42,0,NATIVE
Backprop,Conv2,V1,160,-0.033783,,,3,-0.025302,42,0,NATIVE
Backprop,Conv2,V2,160,-0.026148,,,3,-0.017301,42,0,NATIVE
Backprop,Conv3,LOC,160,0.014154,,,3,0.008459,42,0,NATIVE
Backprop,FC1,IT,160,0.01488,,,3,0.009807,42,0,NATIVE
Backprop,Conv1,V1,224,0.027004,,,3,0.017821,42,0,NATIVE
Backprop,Conv1,V2,224,0.014841,,,3,0.009806,42,0,NATIVE
Backprop,Conv2,V1,224,-0.037206,,,3,-0.027339,42,0,NATIVE
Backprop,Conv2,V2,224,-0.027197,,,3,-0.017945,42,0,NATIVE
Backprop,Conv3,LOC,224,0.012238,,,3,0.007425,42,0,NATIVE
Backprop,FC1,IT,224,0.011695,,,3,0.007924,42,0,NATIVE
Backprop,Conv1,V1,32,0.070424,,,3,0.047871,123,1,NATIVE
Backprop,Conv1,V2,32,0.046261,,,3,0.030384,123,1,NATIVE
Backprop,Conv2,V1,32,0.032798,,,3,0.020808,123,1,NATIVE
Backprop,Conv2,V2,32,0.01781,,,3,0.011265,123,1,NATIVE
Backprop,Conv3,LOC,32,0.018605,,,3,0.011466,123,1,NATIVE
Backprop,FC1,IT,32,0.017893,,,3,0.011432,123,1,NATIVE
Backprop,Conv1,V1,64,0.05934,,,3,0.039854,123,1,NATIVE
Backprop,Conv1,V2,64,0.036199,,,3,0.023828,123,1,NATIVE
Backprop,Conv2,V1,64,-0.012642,,,3,-0.010936,123,1,NATIVE
Backprop,Conv2,V2,64,-0.012034,,,3,-0.008089,123,1,NATIVE
Backprop,Conv3,LOC,64,0.020302,,,3,0.011854,123,1,NATIVE
Backprop,FC1,IT,64,0.019967,,,3,0.012774,123,1,NATIVE
Backprop,Conv1,V1,96,0.049463,,,3,0.032974,123,1,NATIVE
Backprop,Conv1,V2,96,0.028469,,,3,0.018842,123,1,NATIVE
Backprop,Conv2,V1,96,-0.027573,,,3,-0.021091,123,1,NATIVE
Backprop,Conv2,V2,96,-0.020486,,,3,-0.0136,123,1,NATIVE
Backprop,Conv3,LOC,96,0.017804,,,3,0.010363,123,1,NATIVE
Backprop,FC1,IT,96,0.018322,,,3,0.011666,123,1,NATIVE
Backprop,Conv1,V1,128,0.042615,,,3,0.028239,123,1,NATIVE
Backprop,Conv1,V2,128,0.02359,,,3,0.015666,123,1,NATIVE
Backprop,Conv2,V1,128,-0.03285,,,3,-0.02456,123,1,NATIVE
Backprop,Conv2,V2,128,-0.022979,,,3,-0.015248,123,1,NATIVE
Backprop,Conv3,LOC,128,0.01588,,,3,0.00923,123,1,NATIVE
Backprop,FC1,IT,128,0.01603,,,3,0.01017,123,1,NATIVE
Backprop,Conv1,V1,160,0.038483,,,3,0.025417,123,1,NATIVE
Backprop,Conv1,V2,160,0.020751,,,3,0.013824,123,1,NATIVE
Backprop,Conv2,V1,160,-0.034595,,,3,-0.025639,123,1,NATIVE
Backprop,Conv2,V2,160,-0.023296,,,3,-0.015496,123,1,NATIVE
Backprop,Conv3,LOC,160,0.015363,,,3,0.008916,123,1,NATIVE
Backprop,FC1,IT,160,0.014202,,,3,0.009143,123,1,NATIVE
Backprop,Conv1,V1,224,0.032231,,,3,0.021184,123,1,NATIVE
Backprop,Conv1,V2,224,0.016715,,,3,0.011196,123,1,NATIVE
Backprop,Conv2,V1,224,-0.035527,,,3,-0.026034,123,1,NATIVE
Backprop,Conv2,V2,224,-0.023076,,,3,-0.015334,123,1,NATIVE
Backprop,Conv3,LOC,224,0.013453,,,3,0.007861,123,1,NATIVE
Backprop,FC1,IT,224,0.011692,,,3,0.007659,123,1,NATIVE
Backprop,Conv1,V1,32,0.052607,,,3,0.035663,456,2,NATIVE
Backprop,Conv1,V2,32,0.03456,,,3,0.022908,456,2,NATIVE
Backprop,Conv2,V1,32,0.041957,,,3,0.027212,456,2,NATIVE
Backprop,Conv2,V2,32,0.023127,,,3,0.014562,456,2,NATIVE
Backprop,Conv3,LOC,32,0.016439,,,3,0.01021,456,2,NATIVE
Backprop,FC1,IT,32,0.021144,,,3,0.013608,456,2,NATIVE
Backprop,Conv1,V1,64,0.042792,,,3,0.028613,456,2,NATIVE
Backprop,Conv1,V2,64,0.026389,,,3,0.017506,456,2,NATIVE
Backprop,Conv2,V1,64,-0.006087,,,3,-0.006418,456,2,NATIVE
Backprop,Conv2,V2,64,-0.010131,,,3,-0.006924,456,2,NATIVE
Backprop,Conv3,LOC,64,0.01784,,,3,0.010542,456,2,NATIVE
Backprop,FC1,IT,64,0.023212,,,3,0.014802,456,2,NATIVE
Backprop,Conv1,V1,96,0.035095,,,3,0.023247,456,2,NATIVE
Backprop,Conv1,V2,96,0.020162,,,3,0.013444,456,2,NATIVE
Backprop,Conv2,V1,96,-0.025188,,,3,-0.019436,456,2,NATIVE
Backprop,Conv2,V2,96,-0.021603,,,3,-0.014357,456,2,NATIVE
Backprop,Conv3,LOC,96,0.01604,,,3,0.009403,456,2,NATIVE
Backprop,FC1,IT,96,0.0206,,,3,0.013207,456,2,NATIVE
Backprop,Conv1,V1,128,0.030348,,,3,0.019967,456,2,NATIVE
Backprop,Conv1,V2,128,0.016574,,,3,0.011103,456,2,NATIVE
Backprop,Conv2,V1,128,-0.032478,,,3,-0.024262,456,2,NATIVE
Backprop,Conv2,V2,128,-0.025168,,,3,-0.016716,456,2,NATIVE
Backprop,Conv3,LOC,128,0.01486,,,3,0.008705,456,2,NATIVE
Backprop,FC1,IT,128,0.018782,,,3,0.012009,456,2,NATIVE
Backprop,Conv1,V1,160,0.027637,,,3,0.01811,456,2,NATIVE
Backprop,Conv1,V2,160,0.014622,,,3,0.009826,456,2,NATIVE
Backprop,Conv2,V1,160,-0.034991,,,3,-0.025851,456,2,NATIVE
Backprop,Conv2,V2,160,-0.025716,,,3,-0.017111,456,2,NATIVE
Backprop,Conv3,LOC,160,0.01481,,,3,0.008655,456,2,NATIVE
Backprop,FC1,IT,160,0.017147,,,3,0.011,456,2,NATIVE
Backprop,Conv1,V1,224,0.023373,,,3,0.015237,456,2,NATIVE
Backprop,Conv1,V2,224,0.011696,,,3,0.007939,456,2,NATIVE
Backprop,Conv2,V1,224,-0.036754,,,3,-0.026799,456,2,NATIVE
Backprop,Conv2,V2,224,-0.025674,,,3,-0.017048,456,2,NATIVE
Backprop,Conv3,LOC,224,0.013252,,,3,0.007858,456,2,NATIVE
Backprop,FC1,IT,224,0.01506,,,3,0.009709,456,2,NATIVE
Backprop,Conv1,V1,32,0.05618,,,3,0.038016,789,3,NATIVE
Backprop,Conv1,V2,32,0.037223,,,3,0.024627,789,3,NATIVE
Backprop,Conv2,V1,32,0.033673,,,3,0.021338,789,3,NATIVE
Backprop,Conv2,V2,32,0.018947,,,3,0.011778,789,3,NATIVE
Backprop,Conv3,LOC,32,0.016819,,,3,0.010352,789,3,NATIVE
Backprop,FC1,IT,32,0.021178,,,3,0.013334,789,3,NATIVE
Backprop,Conv1,V1,64,0.048771,,,3,0.032585,789,3,NATIVE
Backprop,Conv1,V2,64,0.03067,,,3,0.020226,789,3,NATIVE
Backprop,Conv2,V1,64,-0.014458,,,3,-0.012164,789,3,NATIVE
Backprop,Conv2,V2,64,-0.013362,,,3,-0.009128,789,3,NATIVE
Backprop,Conv3,LOC,64,0.018308,,,3,0.01077,789,3,NATIVE
Backprop,FC1,IT,64,0.0214,,,3,0.013647,789,3,NATIVE
Backprop,Conv1,V1,96,0.042366,,,3,0.028072,789,3,NATIVE
Backprop,Conv1,V2,96,0.025679,,,3,0.016951,789,3,NATIVE
Backprop,Conv2,V1,96,-0.030021,,,3,-0.022821,789,3,NATIVE
Backprop,Conv2,V2,96,-0.022821,,,3,-0.015248,789,3,NATIVE
Backprop,Conv3,LOC,96,0.016074,,,3,0.009413,789,3,NATIVE
Backprop,FC1,IT,96,0.01852,,,3,0.011713,789,3,NATIVE
Backprop,Conv1,V1,128,0.03771,,,3,0.024826,789,3,NATIVE
Backprop,Conv1,V2,128,0.022277,,,3,0.014708,789,3,NATIVE
Backprop,Conv2,V1,128,-0.035466,,,3,-0.026431,789,3,NATIVE
Backprop,Conv2,V2,128,-0.025435,,,3,-0.016963,789,3,NATIVE
Backprop,Conv3,LOC,128,0.01448,,,3,0.008456,789,3,NATIVE
Backprop,FC1,IT,128,0.016797,,,3,0.010586,789,3,NATIVE
Backprop,Conv1,V1,160,0.03522,,,3,0.0231,789,3,NATIVE
Backprop,Conv1,V2,160,0.020507,,,3,0.013546,789,3,NATIVE
Backprop,Conv2,V1,160,-0.037078,,,3,-0.027414,789,3,NATIVE
Backprop,Conv2,V2,160,-0.025446,,,3,-0.017015,789,3,NATIVE
Backprop,Conv3,LOC,160,0.014481,,,3,0.008409,789,3,NATIVE
Backprop,FC1,IT,160,0.015932,,,3,0.01011,789,3,NATIVE
Backprop,Conv1,V1,224,0.030982,,,3,0.020231,789,3,NATIVE
Backprop,Conv1,V2,224,0.017721,,,3,0.011732,789,3,NATIVE
Backprop,Conv2,V1,224,-0.037573,,,3,-0.027493,789,3,NATIVE
Backprop,Conv2,V2,224,-0.02463,,,3,-0.016485,789,3,NATIVE
Backprop,Conv3,LOC,224,0.013211,,,3,0.007715,789,3,NATIVE
Backprop,FC1,IT,224,0.013753,,,3,0.008825,789,3,NATIVE
Backprop,Conv1,V1,32,0.08404,,,3,0.057238,1337,4,NATIVE
Backprop,Conv1,V2,32,0.054633,,,3,0.03574,1337,4,NATIVE
Backprop,Conv2,V1,32,0.059869,,,3,0.03911,1337,4,NATIVE
Backprop,Conv2,V2,32,0.034626,,,3,0.021896,1337,4,NATIVE
Backprop,Conv3,LOC,32,0.017791,,,3,0.010842,1337,4,NATIVE
Backprop,FC1,IT,32,0.022153,,,3,0.014083,1337,4,NATIVE
Backprop,Conv1,V1,64,0.072273,,,3,0.048784,1337,4,NATIVE
Backprop,Conv1,V2,64,0.044618,,,3,0.029234,1337,4,NATIVE
Backprop,Conv2,V1,64,0.002962,,,3,-0.000448,1337,4,NATIVE
Backprop,Conv2,V2,64,-0.002674,,,3,-0.002059,1337,4,NATIVE
Backprop,Conv3,LOC,64,0.019342,,,3,0.011363,1337,4,NATIVE
Backprop,FC1,IT,64,0.025911,,,3,0.016564,1337,4,NATIVE
Backprop,Conv1,V1,96,0.06246,,,3,0.041931,1337,4,NATIVE
Backprop,Conv1,V2,96,0.037014,,,3,0.024317,1337,4,NATIVE
Backprop,Conv2,V1,96,-0.01826,,,3,-0.014865,1337,4,NATIVE
Backprop,Conv2,V2,96,-0.015052,,,3,-0.010027,1337,4,NATIVE
Backprop,Conv3,LOC,96,0.017509,,,3,0.010243,1337,4,NATIVE
Backprop,FC1,IT,96,0.023913,,,3,0.015217,1337,4,NATIVE
Backprop,Conv1,V1,128,0.055589,,,3,0.037202,1337,4,NATIVE
Backprop,Conv1,V2,128,0.032029,,,3,0.021094,1337,4,NATIVE
Backprop,Conv2,V1,128,-0.026188,,,3,-0.020085,1337,4,NATIVE
Backprop,Conv2,V2,128,-0.018866,,,3,-0.01252,1337,4,NATIVE
Backprop,Conv3,LOC,128,0.015557,,,3,0.009099,1337,4,NATIVE
Backprop,FC1,IT,128,0.020511,,,3,0.013166,1337,4,NATIVE
Backprop,Conv1,V1,160,0.051578,,,3,0.034448,1337,4,NATIVE
Backprop,Conv1,V2,160,0.029244,,,3,0.019292,1337,4,NATIVE
Backprop,Conv2,V1,160,-0.029237,,,3,-0.022042,1337,4,NATIVE
Backprop,Conv2,V2,160,-0.019992,,,3,-0.013296,1337,4,NATIVE
Backprop,Conv3,LOC,160,0.01482,,,3,0.008645,1337,4,NATIVE
Backprop,FC1,IT,160,0.018097,,,3,0.01173,1337,4,NATIVE
Backprop,Conv1,V1,224,0.044829,,,3,0.029868,1337,4,NATIVE
Backprop,Conv1,V2,224,0.024741,,,3,0.016387,1337,4,NATIVE
Backprop,Conv2,V1,224,-0.031798,,,3,-0.023511,1337,4,NATIVE
Backprop,Conv2,V2,224,-0.020634,,,3,-0.013709,1337,4,NATIVE
Backprop,Conv3,LOC,224,0.012954,,,3,0.007607,1337,4,NATIVE
Backprop,FC1,IT,224,0.015196,,,3,0.009963,1337,4,NATIVE
Backprop,Conv1,V1,32,0.061788,,,3,0.042178,42,0,UPSAMPLED
Backprop,Conv1,V2,32,0.041003,,,3,0.026874,42,0,UPSAMPLED
Backprop,Conv2,V1,32,0.064858,,,3,0.042613,42,0,UPSAMPLED
Backprop,Conv2,V2,32,0.035019,,,3,0.022239,42,0,UPSAMPLED
Backprop,Conv3,LOC,32,0.018499,,,3,0.011543,42,0,UPSAMPLED
Backprop,FC1,IT,32,0.021852,,,3,0.014064,42,0,UPSAMPLED
Backprop,Conv1,V1,64,0.018142,,,3,0.012125,42,0,UPSAMPLED
Backprop,Conv1,V2,64,0.008897,,,3,0.006026,42,0,UPSAMPLED
Backprop,Conv2,V1,64,-0.010859,,,3,-0.008056,42,0,UPSAMPLED
Backprop,Conv2,V2,64,-0.005643,,,3,-0.003474,42,0,UPSAMPLED
Backprop,Conv3,LOC,64,-0.000125,,,3,0.000194,42,0,UPSAMPLED
Backprop,FC1,IT,64,0.010872,,,3,0.006477,42,0,UPSAMPLED
Backprop,Conv1,V1,96,0.016153,,,3,0.010787,42,0,UPSAMPLED
Backprop,Conv1,V2,96,0.007359,,,3,0.005016,42,0,UPSAMPLED
Backprop,Conv2,V1,96,-0.004716,,,3,-0.003635,42,0,UPSAMPLED
Backprop,Conv2,V2,96,-0.000505,,,3,-4.4e-05,42,0,UPSAMPLED
Backprop,Conv3,LOC,96,-0.001998,,,3,-0.000848,42,0,UPSAMPLED
Backprop,FC1,IT,96,0.006355,,,3,0.003648,42,0,UPSAMPLED
Backprop,Conv1,V1,128,0.016592,,,3,0.011123,42,0,UPSAMPLED
Backprop,Conv1,V2,128,0.007829,,,3,0.005316,42,0,UPSAMPLED
Backprop,Conv2,V1,128,0.001055,,,3,0.000496,42,0,UPSAMPLED
Backprop,Conv2,V2,128,0.00419,,,3,0.003053,42,0,UPSAMPLED
Backprop,Conv3,LOC,128,-0.002343,,,3,-0.000895,42,0,UPSAMPLED
Backprop,FC1,IT,128,0.00556,,,3,0.003323,42,0,UPSAMPLED
Backprop,Conv1,V1,160,0.01702,,,3,0.011429,42,0,UPSAMPLED
Backprop,Conv1,V2,160,0.008148,,,3,0.005524,42,0,UPSAMPLED
Backprop,Conv2,V1,160,0.002147,,,3,0.001293,42,0,UPSAMPLED
Backprop,Conv2,V2,160,0.005151,,,3,0.003697,42,0,UPSAMPLED
Backprop,Conv3,LOC,160,-0.002192,,,3,-0.000781,42,0,UPSAMPLED
Backprop,FC1,IT,160,0.005516,,,3,0.003354,42,0,UPSAMPLED
Backprop,Conv1,V1,224,0.017559,,,3,0.011815,42,0,UPSAMPLED
Backprop,Conv1,V2,224,0.008604,,,3,0.005822,42,0,UPSAMPLED
Backprop,Conv2,V1,224,0.00427,,,3,0.002815,42,0,UPSAMPLED
Backprop,Conv2,V2,224,0.006892,,,3,0.004852,42,0,UPSAMPLED
Backprop,Conv3,LOC,224,-0.001918,,,3,-0.000585,42,0,UPSAMPLED
Backprop,FC1,IT,224,0.006041,,,3,0.003778,42,0,UPSAMPLED
Backprop,Conv1,V1,32,0.070424,,,3,0.047871,123,1,UPSAMPLED
Backprop,Conv1,V2,32,0.046261,,,3,0.030384,123,1,UPSAMPLED
Backprop,Conv2,V1,32,0.032798,,,3,0.020808,123,1,UPSAMPLED
Backprop,Conv2,V2,32,0.01781,,,3,0.011265,123,1,UPSAMPLED
Backprop,Conv3,LOC,32,0.018605,,,3,0.011466,123,1,UPSAMPLED
Backprop,FC1,IT,32,0.017893,,,3,0.011432,123,1,UPSAMPLED
Backprop,Conv1,V1,64,0.020648,,,3,0.013612,123,1,UPSAMPLED
Backprop,Conv1,V2,64,0.009171,,,3,0.006366,123,1,UPSAMPLED
Backprop,Conv2,V1,64,-0.006633,,,3,-0.005034,123,1,UPSAMPLED
Backprop,Conv2,V2,64,-0.000614,,,3,-0.000181,123,1,UPSAMPLED
Backprop,Conv3,LOC,64,0.002608,,,3,0.00169,123,1,UPSAMPLED
Backprop,FC1,IT,64,0.008767,,,3,0.005509,123,1,UPSAMPLED
Backprop,Conv1,V1,96,0.01723,,,3,0.011329,123,1,UPSAMPLED
Backprop,Conv1,V2,96,0.00719,,,3,0.005094,123,1,UPSAMPLED
Backprop,Conv2,V1,96,-0.000359,,,3,-0.000565,123,1,UPSAMPLED
Backprop,Conv2,V2,96,0.004202,,,3,0.003007,123,1,UPSAMPLED
Backprop,Conv3,LOC,96,0.001024,,,3,0.000899,123,1,UPSAMPLED
Backprop,FC1,IT,96,0.005119,,,3,0.003062,123,1,UPSAMPLED
Backprop,Conv1,V1,128,0.01693,,,3,0.011175,123,1,UPSAMPLED
Backprop,Conv1,V2,128,0.007327,,,3,0.005176,123,1,UPSAMPLED
Backprop,Conv2,V1,128,0.005324,,,3,0.003462,123,1,UPSAMPLED
Backprop,Conv2,V2,128,0.008501,,,3,0.005838,123,1,UPSAMPLED
Backprop,Conv3,LOC,128,0.000194,,,3,0.000497,123,1,UPSAMPLED
Backprop,FC1,IT,128,0.00432,,,3,0.002619,123,1,UPSAMPLED
Backprop,Conv1,V1,160,0.017466,,,3,0.011558,123,1,UPSAMPLED
Backprop,Conv1,V2,160,0.007737,,,3,0.00544,123,1,UPSAMPLED
Backprop,Conv2,V1,160,0.00696,,,3,0.004607,123,1,UPSAMPLED
Backprop,Conv2,V2,160,0.009633,,,3,0.006576,123,1,UPSAMPLED
Backprop,Conv3,LOC,160,0.000286,,,3,0.000599,123,1,UPSAMPLED
Backprop,FC1,IT,160,0.004097,,,3,0.002537,123,1,UPSAMPLED
Backprop,Conv1,V1,224,0.01803,,,3,0.01197,123,1,UPSAMPLED
Backprop,Conv1,V2,224,0.00825,,,3,0.005774,123,1,UPSAMPLED
Backprop,Conv2,V1,224,0.009509,,,3,0.006404,123,1,UPSAMPLED
Backprop,Conv2,V2,224,0.011424,,,3,0.007754,123,1,UPSAMPLED
Backprop,Conv3,LOC,224,0.00021,,,3,0.000601,123,1,UPSAMPLED
Backprop,FC1,IT,224,0.003944,,,3,0.00254,123,1,UPSAMPLED
Backprop,Conv1,V1,32,0.052607,,,3,0.035663,456,2,UPSAMPLED
Backprop,Conv1,V2,32,0.03456,,,3,0.022908,456,2,UPSAMPLED
Backprop,Conv2,V1,32,0.041957,,,3,0.027212,456,2,UPSAMPLED
Backprop,Conv2,V2,32,0.023127,,,3,0.014562,456,2,UPSAMPLED
Backprop,Conv3,LOC,32,0.016439,,,3,0.01021,456,2,UPSAMPLED
Backprop,FC1,IT,32,0.021144,,,3,0.013608,456,2,UPSAMPLED
Backprop,Conv1,V1,64,0.021282,,,3,0.014046,456,2,UPSAMPLED
Backprop,Conv1,V2,64,0.009996,,,3,0.006965,456,2,UPSAMPLED
Backprop,Conv2,V1,64,-0.006832,,,3,-0.004928,456,2,UPSAMPLED
Backprop,Conv2,V2,64,-0.002494,,,3,-0.001419,456,2,UPSAMPLED
Backprop,Conv3,LOC,64,0.003385,,,3,0.002143,456,2,UPSAMPLED
Backprop,FC1,IT,64,0.012552,,,3,0.007766,456,2,UPSAMPLED
Backprop,Conv1,V1,96,0.020077,,,3,0.013297,456,2,UPSAMPLED
Backprop,Conv1,V2,96,0.008979,,,3,0.006274,456,2,UPSAMPLED
Backprop,Conv2,V1,96,-0.0005,,,3,-0.0004,456,2,UPSAMPLED
Backprop,Conv2,V2,96,0.002883,,,3,0.00219,456,2,UPSAMPLED
Backprop,Conv3,LOC,96,0.001544,,,3,0.001243,456,2,UPSAMPLED
Backprop,FC1,IT,96,0.008949,,,3,0.005628,456,2,UPSAMPLED
Backprop,Conv1,V1,128,0.021722,,,3,0.014489,456,2,UPSAMPLED
Backprop,Conv1,V2,128,0.010106,,,3,0.006995,456,2,UPSAMPLED
Backprop,Conv2,V1,128,0.005263,,,3,0.003699,456,2,UPSAMPLED
Backprop,Conv2,V2,128,0.007527,,,3,0.005282,456,2,UPSAMPLED
Backprop,Conv3,LOC,128,0.000914,,,3,0.000957,456,2,UPSAMPLED
Backprop,FC1,IT,128,0.008031,,,3,0.005047,456,2,UPSAMPLED
Backprop,Conv1,V1,160,0.022763,,,3,0.015222,456,2,UPSAMPLED
Backprop,Conv1,V2,160,0.010802,,,3,0.007442,456,2,UPSAMPLED
Backprop,Conv2,V1,160,0.006778,,,3,0.004768,456,2,UPSAMPLED
Backprop,Conv2,V2,160,0.008699,,,3,0.006064,456,2,UPSAMPLED
Backprop,Conv3,LOC,160,0.000847,,,3,0.000951,456,2,UPSAMPLED
Backprop,FC1,IT,160,0.007841,,,3,0.004971,456,2,UPSAMPLED
Backprop,Conv1,V1,224,0.024143,,,3,0.016199,456,2,UPSAMPLED
Backprop,Conv1,V2,224,0.011791,,,3,0.008082,456,2,UPSAMPLED
Backprop,Conv2,V1,224,0.009236,,,3,0.006509,456,2,UPSAMPLED
Backprop,Conv2,V2,224,0.010593,,,3,0.007326,456,2,UPSAMPLED
Backprop,Conv3,LOC,224,0.001026,,,3,0.001101,456,2,UPSAMPLED
Backprop,FC1,IT,224,0.007983,,,3,0.005154,456,2,UPSAMPLED
Backprop,Conv1,V1,32,0.05618,,,3,0.038016,789,3,UPSAMPLED
Backprop,Conv1,V2,32,0.037223,,,3,0.024627,789,3,UPSAMPLED
Backprop,Conv2,V1,32,0.033673,,,3,0.021338,789,3,UPSAMPLED
Backprop,Conv2,V2,32,0.018947,,,3,0.011778,789,3,UPSAMPLED
Backprop,Conv3,LOC,32,0.016819,,,3,0.010352,789,3,UPSAMPLED
Backprop,FC1,IT,32,0.021178,,,3,0.013334,789,3,UPSAMPLED
Backprop,Conv1,V1,64,0.017672,,,3,0.011478,789,3,UPSAMPLED
Backprop,Conv1,V2,64,0.008366,,,3,0.005766,789,3,UPSAMPLED
Backprop,Conv2,V1,64,-0.01236,,,3,-0.009077,789,3,UPSAMPLED
Backprop,Conv2,V2,64,-0.005652,,,3,-0.003716,789,3,UPSAMPLED
Backprop,Conv3,LOC,64,0.00041,,,3,0.000344,789,3,UPSAMPLED
Backprop,FC1,IT,64,0.008466,,,3,0.004923,789,3,UPSAMPLED
Backprop,Conv1,V1,96,0.016978,,,3,0.011019,789,3,UPSAMPLED
Backprop,Conv1,V2,96,0.007683,,,3,0.005287,789,3,UPSAMPLED
Backprop,Conv2,V1,96,-0.005846,,,3,-0.0044,789,3,UPSAMPLED
Backprop,Conv2,V2,96,-0.000583,,,3,-0.00033,789,3,UPSAMPLED
Backprop,Conv3,LOC,96,-0.002048,,,3,-0.001004,789,3,UPSAMPLED
Backprop,FC1,IT,96,0.003641,,,3,0.00179,789,3,UPSAMPLED
Backprop,Conv1,V1,128,0.018051,,,3,0.011782,789,3,UPSAMPLED
Backprop,Conv1,V2,128,0.00853,,,3,0.005806,789,3,UPSAMPLED
Backprop,Conv2,V1,128,-0.000739,,,3,-0.000737,789,3,UPSAMPLED
Backprop,Conv2,V2,128,0.003483,,,3,0.002353,789,3,UPSAMPLED
Backprop,Conv3,LOC,128,-0.002809,,,3,-0.001373,789,3,UPSAMPLED
Backprop,FC1,IT,128,0.002336,,,3,0.000912,789,3,UPSAMPLED
Backprop,Conv1,V1,160,0.019536,,,3,0.012807,789,3,UPSAMPLED
Backprop,Conv1,V2,160,0.009534,,,3,0.006449,789,3,UPSAMPLED
Backprop,Conv2,V1,160,0.000778,,,3,0.000344,789,3,UPSAMPLED
Backprop,Conv2,V2,160,0.004635,,,3,0.003122,789,3,UPSAMPLED
Backprop,Conv3,LOC,160,-0.002843,,,3,-0.001361,789,3,UPSAMPLED
Backprop,FC1,IT,160,0.001884,,,3,0.00069,789,3,UPSAMPLED
Backprop,Conv1,V1,224,0.021113,,,3,0.013907,789,3,UPSAMPLED
Backprop,Conv1,V2,224,0.010674,,,3,0.007182,789,3,UPSAMPLED
Backprop,Conv2,V1,224,0.003188,,,3,0.002066,789,3,UPSAMPLED
Backprop,Conv2,V2,224,0.006472,,,3,0.004337,789,3,UPSAMPLED
Backprop,Conv3,LOC,224,-0.002662,,,3,-0.001213,789,3,UPSAMPLED
Backprop,FC1,IT,224,0.001665,,,3,0.000627,789,3,UPSAMPLED
Backprop,Conv1,V1,32,0.08404,,,3,0.057238,1337,4,UPSAMPLED
Backprop,Conv1,V2,32,0.054633,,,3,0.03574,1337,4,UPSAMPLED
Backprop,Conv2,V1,32,0.059869,,,3,0.03911,1337,4,UPSAMPLED
Backprop,Conv2,V2,32,0.034626,,,3,0.021896,1337,4,UPSAMPLED
Backprop,Conv3,LOC,32,0.017791,,,3,0.010842,1337,4,UPSAMPLED
Backprop,FC1,IT,32,0.022153,,,3,0.014083,1337,4,UPSAMPLED
Backprop,Conv1,V1,64,0.029128,,,3,0.019419,1337,4,UPSAMPLED
Backprop,Conv1,V2,64,0.015161,,,3,0.010215,1337,4,UPSAMPLED
Backprop,Conv2,V1,64,-0.004473,,,3,-0.003565,1337,4,UPSAMPLED
Backprop,Conv2,V2,64,-8.8e-05,,,3,6.5e-05,1337,4,UPSAMPLED
Backprop,Conv3,LOC,64,0.002014,,,3,0.001423,1337,4,UPSAMPLED
Backprop,FC1,IT,64,0.017442,,,3,0.011044,1337,4,UPSAMPLED
Backprop,Conv1,V1,96,0.023965,,,3,0.015938,1337,4,UPSAMPLED
Backprop,Conv1,V2,96,0.011592,,,3,0.007921,1337,4,UPSAMPLED
Backprop,Conv2,V1,96,0.003457,,,3,0.002072,1337,4,UPSAMPLED
Backprop,Conv2,V2,96,0.006181,,,3,0.004218,1337,4,UPSAMPLED
Backprop,Conv3,LOC,96,-0.000393,,,3,0.000194,1337,4,UPSAMPLED
Backprop,FC1,IT,96,0.011067,,,3,0.007184,1337,4,UPSAMPLED
Backprop,Conv1,V1,128,0.023964,,,3,0.015997,1337,4,UPSAMPLED
Backprop,Conv1,V2,128,0.011752,,,3,0.008028,1337,4,UPSAMPLED
Backprop,Conv2,V1,128,0.009541,,,3,0.006402,1337,4,UPSAMPLED
Backprop,Conv2,V2,128,0.010948,,,3,0.007361,1337,4,UPSAMPLED
Backprop,Conv3,LOC,128,-0.001319,,,3,-0.000228,1337,4,UPSAMPLED
Backprop,FC1,IT,128,0.008701,,,3,0.005734,1337,4,UPSAMPLED
Backprop,Conv1,V1,160,0.024566,,,3,0.016431,1337,4,UPSAMPLED
Backprop,Conv1,V2,160,0.012166,,,3,0.008301,1337,4,UPSAMPLED
Backprop,Conv2,V1,160,0.011139,,,3,0.007532,1337,4,UPSAMPLED
Backprop,Conv2,V2,160,0.012144,,,3,0.008155,1337,4,UPSAMPLED
Backprop,Conv3,LOC,160,-0.001417,,,3,-0.00023,1337,4,UPSAMPLED
Backprop,FC1,IT,160,0.008023,,,3,0.00533,1337,4,UPSAMPLED
Backprop,Conv1,V1,224,0.025411,,,3,0.017036,1337,4,UPSAMPLED
Backprop,Conv1,V2,224,0.012793,,,3,0.008708,1337,4,UPSAMPLED
Backprop,Conv2,V1,224,0.013392,,,3,0.009134,1337,4,UPSAMPLED
Backprop,Conv2,V2,224,0.013894,,,3,0.009313,1337,4,UPSAMPLED
Backprop,Conv3,LOC,224,-0.001422,,,3,-0.000172,1337,4,UPSAMPLED
Backprop,FC1,IT,224,0.007344,,,3,0.004971,1337,4,UPSAMPLED
Feedback Alignment,Conv1,V1,32,0.029494,,,3,0.019464,42,0,NATIVE
Feedback Alignment,Conv1,V2,32,0.013715,,,3,0.009145,42,0,NATIVE
Feedback Alignment,Conv2,V1,32,0.034588,,,3,0.02296,42,0,NATIVE
Feedback Alignment,Conv2,V2,32,0.018178,,,3,0.012006,42,0,NATIVE
Feedback Alignment,Conv3,LOC,32,0.004282,,,3,0.002964,42,0,NATIVE
Feedback Alignment,FC1,IT,32,0.007149,,,3,0.004448,42,0,NATIVE
Feedback Alignment,Conv1,V1,64,0.025679,,,3,0.016809,42,0,NATIVE
Feedback Alignment,Conv1,V2,64,0.010524,,,3,0.0071,42,0,NATIVE
Feedback Alignment,Conv2,V1,64,0.026984,,,3,0.017729,42,0,NATIVE
Feedback Alignment,Conv2,V2,64,0.01256,,,3,0.008417,42,0,NATIVE
Feedback Alignment,Conv3,LOC,64,0.004604,,,3,0.002861,42,0,NATIVE
Feedback Alignment,FC1,IT,64,0.008862,,,3,0.005223,42,0,NATIVE
Feedback Alignment,Conv1,V1,96,0.023686,,,3,0.01544,42,0,NATIVE
Feedback Alignment,Conv1,V2,96,0.009199,,,3,0.006241,42,0,NATIVE
Feedback Alignment,Conv2,V1,96,0.024313,,,3,0.015958,42,0,NATIVE
Feedback Alignment,Conv2,V2,96,0.011285,,,3,0.007635,42,0,NATIVE
Feedback Alignment,Conv3,LOC,96,0.005972,,,3,0.003552,42,0,NATIVE
Feedback Alignment,FC1,IT,96,0.011104,,,3,0.006359,42,0,NATIVE
Feedback Alignment,Conv1,V1,128,0.022565,,,3,0.014682,42,0,NATIVE
Feedback Alignment,Conv1,V2,128,0.008524,,,3,0.005803,42,0,NATIVE
Feedback Alignment,Conv2,V1,128,0.02294,,,3,0.015121,42,0,NATIVE
Feedback Alignment,Conv2,V2,128,0.010625,,,3,0.007228,42,0,NATIVE
Feedback Alignment,Conv3,LOC,128,0.006232,,,3,0.003686,42,0,NATIVE
Feedback Alignment,FC1,IT,128,0.011665,,,3,0.006635,42,0,NATIVE
Feedback Alignment,Conv1,V1,160,0.021927,,,3,0.014262,42,0,NATIVE
Feedback Alignment,Conv1,V2,160,0.008121,,,3,0.005548,42,0,NATIVE
Feedback Alignment,Conv2,V1,160,0.022178,,,3,0.01467,42,0,NATIVE
Feedback Alignment,Conv2,V2,160,0.010163,,,3,0.006968,42,0,NATIVE
Feedback Alignment,Conv3,LOC,160,0.006341,,,3,0.003733,42,0,NATIVE
Feedback Alignment,FC1,IT,160,0.011994,,,3,0.006826,42,0,NATIVE
Feedback Alignment,Conv1,V1,224,0.021196,,,3,0.01379,42,0,NATIVE
Feedback Alignment,Conv1,V2,224,0.007709,,,3,0.005279,42,0,NATIVE
Feedback Alignment,Conv2,V1,224,0.022133,,,3,0.014768,42,0,NATIVE
Feedback Alignment,Conv2,V2,224,0.010428,,,3,0.007161,42,0,NATIVE
Feedback Alignment,Conv3,LOC,224,0.006277,,,3,0.003725,42,0,NATIVE
Feedback Alignment,FC1,IT,224,0.011994,,,3,0.006856,42,0,NATIVE
Feedback Alignment,Conv1,V1,32,0.023542,,,3,0.01531,123,1,NATIVE
Feedback Alignment,Conv1,V2,32,0.011225,,,3,0.007528,123,1,NATIVE
Feedback Alignment,Conv2,V1,32,0.02627,,,3,0.017148,123,1,NATIVE
Feedback Alignment,Conv2,V2,32,0.011837,,,3,0.007958,123,1,NATIVE
Feedback Alignment,Conv3,LOC,32,0.004451,,,3,0.002864,123,1,NATIVE
Feedback Alignment,FC1,IT,32,0.008367,,,3,0.005096,123,1,NATIVE
Feedback Alignment,Conv1,V1,64,0.017386,,,3,0.011069,123,1,NATIVE
Feedback Alignment,Conv1,V2,64,0.007065,,,3,0.004826,123,1,NATIVE
Feedback Alignment,Conv2,V1,64,0.017779,,,3,0.011235,123,1,NATIVE
Feedback Alignment,Conv2,V2,64,0.006989,,,3,0.00481,123,1,NATIVE
Feedback Alignment,Conv3,LOC,64,0.005507,,,3,0.003215,123,1,NATIVE
Feedback Alignment,FC1,IT,64,0.011061,,,3,0.006571,123,1,NATIVE
Feedback Alignment,Conv1,V1,96,0.014981,,,3,0.009471,123,1,NATIVE
Feedback Alignment,Conv1,V2,96,0.005619,,,3,0.003905,123,1,NATIVE
Feedback Alignment,Conv2,V1,96,0.014729,,,3,0.009177,123,1,NATIVE
Feedback Alignment,Conv2,V2,96,0.005951,,,3,0.004085,123,1,NATIVE
Feedback Alignment,Conv3,LOC,96,0.006208,,,3,0.003561,123,1,NATIVE
Feedback Alignment,FC1,IT,96,0.012161,,,3,0.007081,123,1,NATIVE
Feedback Alignment,Conv1,V1,128,0.013784,,,3,0.008697,123,1,NATIVE
Feedback Alignment,Conv1,V2,128,0.005009,,,3,0.003515,123,1,NATIVE
Feedback Alignment,Conv2,V1,128,0.013085,,,3,0.008118,123,1,NATIVE
Feedback Alignment,Conv2,V2,128,0.00546,,,3,0.003757,123,1,NATIVE
Feedback Alignment,Conv3,LOC,128,0.006049,,,3,0.003426,123,1,NATIVE
Feedback Alignment,FC1,IT,128,0.012719,,,3,0.007334,123,1,NATIVE
Feedback Alignment,Conv1,V1,160,0.013211,,,3,0.008342,123,1,NATIVE
Feedback Alignment,Conv1,V2,160,0.004726,,,3,0.003343,123,1,NATIVE
Feedback Alignment,Conv2,V1,160,0.012306,,,3,0.007647,123,1,NATIVE
Feedback Alignment,Conv2,V2,160,0.00522,,,3,0.003601,123,1,NATIVE
Feedback Alignment,Conv3,LOC,160,0.006022,,,3,0.003369,123,1,NATIVE
Feedback Alignment,FC1,IT,160,0.012623,,,3,0.007259,123,1,NATIVE
Feedback Alignment,Conv1,V1,224,0.012678,,,3,0.008041,123,1,NATIVE
Feedback Alignment,Conv1,V2,224,0.004498,,,3,0.003212,123,1,NATIVE
Feedback Alignment,Conv2,V1,224,0.011622,,,3,0.007333,123,1,NATIVE
Feedback Alignment,Conv2,V2,224,0.005494,,,3,0.00379,123,1,NATIVE
Feedback Alignment,Conv3,LOC,224,0.005853,,,3,0.003286,123,1,NATIVE
Feedback Alignment,FC1,IT,224,0.012477,,,3,0.007177,123,1,NATIVE
Feedback Alignment,Conv1,V1,32,0.020533,,,3,0.013346,456,2,NATIVE
Feedback Alignment,Conv1,V2,32,0.008512,,,3,0.005778,456,2,NATIVE
Feedback Alignment,Conv2,V1,32,0.024776,,,3,0.016234,456,2,NATIVE
Feedback Alignment,Conv2,V2,32,0.012409,,,3,0.00819,456,2,NATIVE
Feedback Alignment,Conv3,LOC,32,0.005121,,,3,0.003393,456,2,NATIVE
Feedback Alignment,FC1,IT,32,0.007291,,,3,0.004712,456,2,NATIVE
Feedback Alignment,Conv1,V1,64,0.015325,,,3,0.009779,456,2,NATIVE
Feedback Alignment,Conv1,V2,64,0.005162,,,3,0.003638,456,2,NATIVE
Feedback Alignment,Conv2,V1,64,0.017538,,,3,0.011322,456,2,NATIVE
Feedback Alignment,Conv2,V2,64,0.007872,,,3,0.005338,456,2,NATIVE
Feedback Alignment,Conv3,LOC,64,0.005891,,,3,0.003764,456,2,NATIVE
Feedback Alignment,FC1,IT,64,0.010178,,,3,0.006182,456,2,NATIVE
Feedback Alignment,Conv1,V1,96,0.01278,,,3,0.008046,456,2,NATIVE
Feedback Alignment,Conv1,V2,96,0.003671,,,3,0.002683,456,2,NATIVE
Feedback Alignment,Conv2,V1,96,0.0143,,,3,0.009206,456,2,NATIVE
Feedback Alignment,Conv2,V2,96,0.00605,,,3,0.004205,456,2,NATIVE
Feedback Alignment,Conv3,LOC,96,0.006313,,,3,0.003947,456,2,NATIVE
Feedback Alignment,FC1,IT,96,0.011411,,,3,0.006739,456,2,NATIVE
Feedback Alignment,Conv1,V1,128,0.011419,,,3,0.007143,456,2,NATIVE
Feedback Alignment,Conv1,V2,128,0.002945,,,3,0.002221,456,2,NATIVE
Feedback Alignment,Conv2,V1,128,0.012848,,,3,0.008328,456,2,NATIVE
Feedback Alignment,Conv2,V2,128,0.005365,,,3,0.003798,456,2,NATIVE
Feedback Alignment,Conv3,LOC,128,0.006048,,,3,0.003773,456,2,NATIVE
Feedback Alignment,FC1,IT,128,0.011617,,,3,0.006771,456,2,NATIVE
Feedback Alignment,Conv1,V1,160,0.010718,,,3,0.00669,456,2,NATIVE
Feedback Alignment,Conv1,V2,160,0.002577,,,3,0.001993,456,2,NATIVE
Feedback Alignment,Conv2,V1,160,0.012093,,,3,0.007906,456,2,NATIVE
Feedback Alignment,Conv2,V2,160,0.004963,,,3,0.003564,456,2,NATIVE
Feedback Alignment,Conv3,LOC,160,0.006008,,,3,0.003716,456,2,NATIVE
Feedback Alignment,FC1,IT,160,0.011771,,,3,0.00683,456,2,NATIVE
Feedback Alignment,Conv1,V1,224,0.009759,,,3,0.006073,456,2,NATIVE
Feedback Alignment,Conv1,V2,224,0.002103,,,3,0.0017,456,2,NATIVE
Feedback Alignment,Conv2,V1,224,0.01179,,,3,0.007833,456,2,NATIVE
Feedback Alignment,Conv2,V2,224,0.005229,,,3,0.003752,456,2,NATIVE
Feedback Alignment,Conv3,LOC,224,0.005586,,,3,0.003475,456,2,NATIVE
Feedback Alignment,FC1,IT,224,0.011488,,,3,0.00669,456,2,NATIVE
Feedback Alignment,Conv1,V1,32,0.010253,,,3,0.006602,789,3,NATIVE
Feedback Alignment,Conv1,V2,32,0.004896,,,3,0.003336,789,3,NATIVE
Feedback Alignment,Conv2,V1,32,0.031707,,,3,0.021199,789,3,NATIVE
Feedback Alignment,Conv2,V2,32,0.020921,,,3,0.013909,789,3,NATIVE
Feedback Alignment,Conv3,LOC,32,0.004116,,,3,0.002664,789,3,NATIVE
Feedback Alignment,FC1,IT,32,0.008105,,,3,0.005228,789,3,NATIVE
Feedback Alignment,Conv1,V1,64,0.004784,,,3,0.002842,789,3,NATIVE
Feedback Alignment,Conv1,V2,64,0.002125,,,3,0.001529,789,3,NATIVE
Feedback Alignment,Conv2,V1,64,0.02111,,,3,0.013869,789,3,NATIVE
Feedback Alignment,Conv2,V2,64,0.014783,,,3,0.009887,789,3,NATIVE
Feedback Alignment,Conv3,LOC,64,0.004708,,,3,0.002737,789,3,NATIVE
Feedback Alignment,FC1,IT,64,0.009498,,,3,0.005798,789,3,NATIVE
Feedback Alignment,Conv1,V1,96,0.002979,,,3,0.001638,789,3,NATIVE
Feedback Alignment,Conv1,V2,96,0.001477,,,3,0.001109,789,3,NATIVE
Feedback Alignment,Conv2,V1,96,0.017728,,,3,0.01162,789,3,NATIVE
Feedback Alignment,Conv2,V2,96,0.013667,,,3,0.009149,789,3,NATIVE
Feedback Alignment,Conv3,LOC,96,0.005683,,,3,0.003236,789,3,NATIVE
Feedback Alignment,FC1,IT,96,0.011624,,,3,0.00685,789,3,NATIVE
Feedback Alignment,Conv1,V1,128,0.002261,,,3,0.001187,789,3,NATIVE
Feedback Alignment,Conv1,V2,128,0.001322,,,3,0.00101,789,3,NATIVE
Feedback Alignment,Conv2,V1,128,0.016328,,,3,0.010779,789,3,NATIVE
Feedback Alignment,Conv2,V2,128,0.013199,,,3,0.008874,789,3,NATIVE
Feedback Alignment,Conv3,LOC,128,0.005277,,,3,0.003007,789,3,NATIVE
Feedback Alignment,FC1,IT,128,0.011655,,,3,0.00675,789,3,NATIVE
Feedback Alignment,Conv1,V1,160,0.002135,,,3,0.001134,789,3,NATIVE
Feedback Alignment,Conv1,V2,160,0.001419,,,3,0.001081,789,3,NATIVE
Feedback Alignment,Conv2,V1,160,0.015587,,,3,0.010356,789,3,NATIVE
Feedback Alignment,Conv2,V2,160,0.012961,,,3,0.008759,789,3,NATIVE
Feedback Alignment,Conv3,LOC,160,0.005209,,,3,0.002991,789,3,NATIVE
Feedback Alignment,FC1,IT,160,0.011235,,,3,0.006498,789,3,NATIVE
Feedback Alignment,Conv1,V1,224,0.002176,,,3,0.001216,789,3,NATIVE
Feedback Alignment,Conv1,V2,224,0.001687,,,3,0.001271,789,3,NATIVE
Feedback Alignment,Conv2,V1,224,0.016151,,,3,0.010894,789,3,NATIVE
Feedback Alignment,Conv2,V2,224,0.01375,,,3,0.00931,789,3,NATIVE
Feedback Alignment,Conv3,LOC,224,0.004438,,,3,0.002622,789,3,NATIVE
Feedback Alignment,FC1,IT,224,0.010632,,,3,0.006151,789,3,NATIVE
Feedback Alignment,Conv1,V1,32,0.017765,,,3,0.01142,1337,4,NATIVE
Feedback Alignment,Conv1,V2,32,0.009077,,,3,0.006087,1337,4,NATIVE
Feedback Alignment,Conv2,V1,32,0.020559,,,3,0.013259,1337,4,NATIVE
Feedback Alignment,Conv2,V2,32,0.011557,,,3,0.00775,1337,4,NATIVE
Feedback Alignment,Conv3,LOC,32,0.003689,,,3,0.00246,1337,4,NATIVE
Feedback Alignment,FC1,IT,32,0.007527,,,3,0.004754,1337,4,NATIVE
Feedback Alignment,Conv1,V1,64,0.014379,,,3,0.009094,1337,4,NATIVE
Feedback Alignment,Conv1,V2,64,0.005819,,,3,0.003968,1337,4,NATIVE
Feedback Alignment,Conv2,V1,64,0.012839,,,3,0.007903,1337,4,NATIVE
Feedback Alignment,Conv2,V2,64,0.00526,,,3,0.003726,1337,4,NATIVE
Feedback Alignment,Conv3,LOC,64,0.005515,,,3,0.003403,1337,4,NATIVE
Feedback Alignment,FC1,IT,64,0.009602,,,3,0.005781,1337,4,NATIVE
Feedback Alignment,Conv1,V1,96,0.01306,,,3,0.008203,1337,4,NATIVE
Feedback Alignment,Conv1,V2,96,0.004759,,,3,0.003287,1337,4,NATIVE
Feedback Alignment,Conv2,V1,96,0.010811,,,3,0.006601,1337,4,NATIVE
Feedback Alignment,Conv2,V2,96,0.004528,,,3,0.003243,1337,4,NATIVE
Feedback Alignment,Conv3,LOC,96,0.006947,,,3,0.004146,1337,4,NATIVE
Feedback Alignment,FC1,IT,96,0.011343,,,3,0.006709,1337,4,NATIVE
Feedback Alignment,Conv1,V1,128,0.01238,,,3,0.00776,1337,4,NATIVE
Feedback Alignment,Conv1,V2,128,0.004319,,,3,0.00299,1337,4,NATIVE
Feedback Alignment,Conv2,V1,128,0.009978,,,3,0.006092,1337,4,NATIVE
Feedback Alignment,Conv2,V2,128,0.004437,,,3,0.003134,1337,4,NATIVE
Feedback Alignment,Conv3,LOC,128,0.007107,,,3,0.004203,1337,4,NATIVE
Feedback Alignment,FC1,IT,128,0.01154,,,3,0.006716,1337,4,NATIVE
Feedback Alignment,Conv1,V1,160,0.012125,,,3,0.00761,1337,4,NATIVE
Feedback Alignment,Conv1,V2,160,0.004131,,,3,0.002871,1337,4,NATIVE
Feedback Alignment,Conv2,V1,160,0.009794,,,3,0.006009,1337,4,NATIVE
Feedback Alignment,Conv2,V2,160,0.004521,,,3,0.003174,1337,4,NATIVE
Feedback Alignment,Conv3,LOC,160,0.006802,,,3,0.004009,1337,4,NATIVE
Feedback Alignment,FC1,IT,160,0.011418,,,3,0.006621,1337,4,NATIVE
Feedback Alignment,Conv1,V1,224,0.011802,,,3,0.007427,1337,4,NATIVE
Feedback Alignment,Conv1,V2,224,0.003915,,,3,0.002737,1337,4,NATIVE
Feedback Alignment,Conv2,V1,224,0.010293,,,3,0.00648,1337,4,NATIVE
Feedback Alignment,Conv2,V2,224,0.005149,,,3,0.003591,1337,4,NATIVE
Feedback Alignment,Conv3,LOC,224,0.006057,,,3,0.003578,1337,4,NATIVE
Feedback Alignment,FC1,IT,224,0.010753,,,3,0.006183,1337,4,NATIVE
Feedback Alignment,Conv1,V1,32,0.029494,,,3,0.019464,42,0,UPSAMPLED
Feedback Alignment,Conv1,V2,32,0.013715,,,3,0.009145,42,0,UPSAMPLED
Feedback Alignment,Conv2,V1,32,0.034588,,,3,0.02296,42,0,UPSAMPLED
Feedback Alignment,Conv2,V2,32,0.018178,,,3,0.012006,42,0,UPSAMPLED
Feedback Alignment,Conv3,LOC,32,0.004282,,,3,0.002964,42,0,UPSAMPLED
Feedback Alignment,FC1,IT,32,0.007149,,,3,0.004448,42,0,UPSAMPLED
Feedback Alignment,Conv1,V1,64,0.021006,,,3,0.013709,42,0,UPSAMPLED
Feedback Alignment,Conv1,V2,64,0.00768,,,3,0.005243,42,0,UPSAMPLED
Feedback Alignment,Conv2,V1,64,0.042945,,,3,0.029438,42,0,UPSAMPLED
Feedback Alignment,Conv2,V2,64,0.027133,,,3,0.018122,42,0,UPSAMPLED
Feedback Alignment,Conv3,LOC,64,0.000894,,,3,0.001005,42,0,UPSAMPLED
Feedback Alignment,FC1,IT,64,0.010358,,,3,0.005834,42,0,UPSAMPLED
Feedback Alignment,Conv1,V1,96,0.021802,,,3,0.014298,42,0,UPSAMPLED
Feedback Alignment,Conv1,V2,96,0.008022,,,3,0.005464,42,0,UPSAMPLED
Feedback Alignment,Conv2,V1,96,0.046019,,,3,0.031702,42,0,UPSAMPLED
Feedback Alignment,Conv2,V2,96,0.029266,,,3,0.019578,42,0,UPSAMPLED
Feedback Alignment,Conv3,LOC,96,-6.4e-05,,,3,0.000387,42,0,UPSAMPLED
Feedback Alignment,FC1,IT,96,0.01068,,,3,0.005983,42,0,UPSAMPLED
Feedback Alignment,Conv1,V1,128,0.022367,,,3,0.014714,42,0,UPSAMPLED
Feedback Alignment,Conv1,V2,128,0.008394,,,3,0.005705,42,0,UPSAMPLED
Feedback Alignment,Conv2,V1,128,0.049366,,,3,0.034105,42,0,UPSAMPLED
Feedback Alignment,Conv2,V2,128,0.031666,,,3,0.021174,42,0,UPSAMPLED
Feedback Alignment,Conv3,LOC,128,-0.000773,,,3,-9e-06,42,0,UPSAMPLED
Feedback Alignment,FC1,IT,128,0.010929,,,3,0.006131,42,0,UPSAMPLED
Feedback Alignment,Conv1,V1,160,0.022889,,,3,0.01508,42,0,UPSAMPLED
Feedback Alignment,Conv1,V2,160,0.008696,,,3,0.005901,42,0,UPSAMPLED
Feedback Alignment,Conv2,V1,160,0.050001,,,3,0.034561,42,0,UPSAMPLED
Feedback Alignment,Conv2,V2,160,0.032105,,,3,0.021461,42,0,UPSAMPLED
Feedback Alignment,Conv3,LOC,160,-0.001127,,,3,-0.000205,42,0,UPSAMPLED
Feedback Alignment,FC1,IT,160,0.011032,,,3,0.00621,42,0,UPSAMPLED
Feedback Alignment,Conv1,V1,224,0.023392,,,3,0.015435,42,0,UPSAMPLED
Feedback Alignment,Conv1,V2,224,0.009,,,3,0.006097,42,0,UPSAMPLED
Feedback Alignment,Conv2,V1,224,0.051752,,,3,0.035801,42,0,UPSAMPLED
Feedback Alignment,Conv2,V2,224,0.033322,,,3,0.022259,42,0,UPSAMPLED
Feedback Alignment,Conv3,LOC,224,-0.001573,,,3,-0.000447,42,0,UPSAMPLED
Feedback Alignment,FC1,IT,224,0.011104,,,3,0.006268,42,0,UPSAMPLED
Feedback Alignment,Conv1,V1,32,0.023542,,,3,0.01531,123,1,UPSAMPLED
Feedback Alignment,Conv1,V2,32,0.011225,,,3,0.007528,123,1,UPSAMPLED
Feedback Alignment,Conv2,V1,32,0.02627,,,3,0.017148,123,1,UPSAMPLED
Feedback Alignment,Conv2,V2,32,0.011837,,,3,0.007958,123,1,UPSAMPLED
Feedback Alignment,Conv3,LOC,32,0.004451,,,3,0.002864,123,1,UPSAMPLED
Feedback Alignment,FC1,IT,32,0.008367,,,3,0.005096,123,1,UPSAMPLED
Feedback Alignment,Conv1,V1,64,0.012447,,,3,0.007924,123,1,UPSAMPLED
Feedback Alignment,Conv1,V2,64,0.004309,,,3,0.003063,123,1,UPSAMPLED
Feedback Alignment,Conv2,V1,64,0.02608,,,3,0.017895,123,1,UPSAMPLED
Feedback Alignment,Conv2,V2,64,0.019099,,,3,0.012871,123,1,UPSAMPLED
Feedback Alignment,Conv3,LOC,64,0.000447,,,3,0.000592,123,1,UPSAMPLED
Feedback Alignment,FC1,IT,64,0.009448,,,3,0.005247,123,1,UPSAMPLED
Feedback Alignment,Conv1,V1,96,0.014181,,,3,0.00916,123,1,UPSAMPLED
Feedback Alignment,Conv1,V2,96,0.005269,,,3,0.003693,123,1,UPSAMPLED
Feedback Alignment,Conv2,V1,96,0.03032,,,3,0.02093,123,1,UPSAMPLED
Feedback Alignment,Conv2,V2,96,0.022224,,,3,0.014924,123,1,UPSAMPLED
Feedback Alignment,Conv3,LOC,96,-0.000843,,,3,-0.000172,123,1,UPSAMPLED
Feedback Alignment,FC1,IT,96,0.00995,,,3,0.00558,123,1,UPSAMPLED
Feedback Alignment,Conv1,V1,128,0.015277,,,3,0.009946,123,1,UPSAMPLED
Feedback Alignment,Conv1,V2,128,0.006025,,,3,0.004191,123,1,UPSAMPLED
Feedback Alignment,Conv2,V1,128,0.034044,,,3,0.023605,123,1,UPSAMPLED
Feedback Alignment,Conv2,V2,128,0.025211,,,3,0.016905,123,1,UPSAMPLED
Feedback Alignment,Conv3,LOC,128,-0.001778,,,3,-0.000681,123,1,UPSAMPLED
Feedback Alignment,FC1,IT,128,0.010269,,,3,0.005852,123,1,UPSAMPLED
Feedback Alignment,Conv1,V1,160,0.016019,,,3,0.010461,123,1,UPSAMPLED
Feedback Alignment,Conv1,V2,160,0.006451,,,3,0.004468,123,1,UPSAMPLED
Feedback Alignment,Conv2,V1,160,0.035196,,,3,0.02442,123,1,UPSAMPLED
Feedback Alignment,Conv2,V2,160,0.026018,,,3,0.017433,123,1,UPSAMPLED
Feedback Alignment,Conv3,LOC,160,-0.0021,,,3,-0.000859,123,1,UPSAMPLED
Feedback Alignment,FC1,IT,160,0.010375,,,3,0.005952,123,1,UPSAMPLED
Feedback Alignment,Conv1,V1,224,0.016755,,,3,0.010978,123,1,UPSAMPLED
Feedback Alignment,Conv1,V2,224,0.006905,,,3,0.004764,123,1,UPSAMPLED
Feedback Alignment,Conv2,V1,224,0.037152,,,3,0.025813,123,1,UPSAMPLED
Feedback Alignment,Conv2,V2,224,0.027497,,,3,0.018408,123,1,UPSAMPLED
Feedback Alignment,Conv3,LOC,224,-0.002646,,,3,-0.00115,123,1,UPSAMPLED
Feedback Alignment,FC1,IT,224,0.010427,,,3,0.006047,123,1,UPSAMPLED
Feedback Alignment,Conv1,V1,32,0.020533,,,3,0.013346,456,2,UPSAMPLED
Feedback Alignment,Conv1,V2,32,0.008512,,,3,0.005778,456,2,UPSAMPLED
Feedback Alignment,Conv2,V1,32,0.024776,,,3,0.016234,456,2,UPSAMPLED
Feedback Alignment,Conv2,V2,32,0.012409,,,3,0.00819,456,2,UPSAMPLED
Feedback Alignment,Conv3,LOC,32,0.005121,,,3,0.003393,456,2,UPSAMPLED
Feedback Alignment,FC1,IT,32,0.007291,,,3,0.004712,456,2,UPSAMPLED
Feedback Alignment,Conv1,V1,64,0.007548,,,3,0.004534,456,2,UPSAMPLED
Feedback Alignment,Conv1,V2,64,0.000808,,,3,0.0008,456,2,UPSAMPLED
Feedback Alignment,Conv2,V1,64,0.039144,,,3,0.02686,456,2,UPSAMPLED
Feedback Alignment,Conv2,V2,64,0.025085,,,3,0.016779,456,2,UPSAMPLED
Feedback Alignment,Conv3,LOC,64,0.000836,,,3,0.001191,456,2,UPSAMPLED
Feedback Alignment,FC1,IT,64,0.010581,,,3,0.006421,456,2,UPSAMPLED
Feedback Alignment,Conv1,V1,96,0.007961,,,3,0.004851,456,2,UPSAMPLED
Feedback Alignment,Conv1,V2,96,0.001019,,,3,0.000952,456,2,UPSAMPLED
Feedback Alignment,Conv2,V1,96,0.04337,,,3,0.029926,456,2,UPSAMPLED
Feedback Alignment,Conv2,V2,96,0.027883,,,3,0.01869,456,2,UPSAMPLED
Feedback Alignment,Conv3,LOC,96,-0.000106,,,3,0.000641,456,2,UPSAMPLED
Feedback Alignment,FC1,IT,96,0.010939,,,3,0.006555,456,2,UPSAMPLED
Feedback Alignment,Conv1,V1,128,0.008048,,,3,0.004941,456,2,UPSAMPLED
Feedback Alignment,Conv1,V2,128,0.001189,,,3,0.001073,456,2,UPSAMPLED
Feedback Alignment,Conv2,V1,128,0.048174,,,3,0.033345,456,2,UPSAMPLED
Feedback Alignment,Conv2,V2,128,0.03129,,,3,0.02096,456,2,UPSAMPLED
Feedback Alignment,Conv3,LOC,128,-0.000797,,,3,0.000241,456,2,UPSAMPLED
Feedback Alignment,FC1,IT,128,0.01097,,,3,0.0066,456,2,UPSAMPLED
Feedback Alignment,Conv1,V1,160,0.008642,,,3,0.005353,456,2,UPSAMPLED
Feedback Alignment,Conv1,V2,160,0.001483,,,3,0.001268,456,2,UPSAMPLED
Feedback Alignment,Conv2,V1,160,0.049245,,,3,0.03411,456,2,UPSAMPLED
Feedback Alignment,Conv2,V2,160,0.031984,,,3,0.021424,456,2,UPSAMPLED
Feedback Alignment,Conv3,LOC,160,-0.001083,,,3,6.6e-05,456,2,UPSAMPLED
Feedback Alignment,FC1,IT,160,0.01095,,,3,0.006572,456,2,UPSAMPLED
Feedback Alignment,Conv1,V1,224,0.008957,,,3,0.00558,456,2,UPSAMPLED
Feedback Alignment,Conv1,V2,224,0.001686,,,3,0.001405,456,2,UPSAMPLED
Feedback Alignment,Conv2,V1,224,0.051684,,,3,0.035833,456,2,UPSAMPLED
Feedback Alignment,Conv2,V2,224,0.033668,,,3,0.02254,456,2,UPSAMPLED
Feedback Alignment,Conv3,LOC,224,-0.001364,,,3,-0.0001,456,2,UPSAMPLED
Feedback Alignment,FC1,IT,224,0.010823,,,3,0.006503,456,2,UPSAMPLED
Feedback Alignment,Conv1,V1,32,0.010253,,,3,0.006602,789,3,UPSAMPLED
Feedback Alignment,Conv1,V2,32,0.004896,,,3,0.003336,789,3,UPSAMPLED
Feedback Alignment,Conv2,V1,32,0.031707,,,3,0.021199,789,3,UPSAMPLED
Feedback Alignment,Conv2,V2,32,0.020921,,,3,0.013909,789,3,UPSAMPLED
Feedback Alignment,Conv3,LOC,32,0.004116,,,3,0.002664,789,3,UPSAMPLED
Feedback Alignment,FC1,IT,32,0.008105,,,3,0.005228,789,3,UPSAMPLED
Feedback Alignment,Conv1,V1,64,0.000269,,,3,-0.000101,789,3,UPSAMPLED
Feedback Alignment,Conv1,V2,64,-6.5e-05,,,3,0.000144,789,3,UPSAMPLED
Feedback Alignment,Conv2,V1,64,0.050446,,,3,0.034645,789,3,UPSAMPLED
Feedback Alignment,Conv2,V2,64,0.036865,,,3,0.024518,789,3,UPSAMPLED
Feedback Alignment,Conv3,LOC,64,0.000416,,,3,0.000957,789,3,UPSAMPLED
Feedback Alignment,FC1,IT,64,0.00945,,,3,0.005486,789,3,UPSAMPLED
Feedback Alignment,Conv1,V1,96,0.002412,,,3,0.001403,789,3,UPSAMPLED
Feedback Alignment,Conv1,V2,96,0.001562,,,3,0.001206,789,3,UPSAMPLED
Feedback Alignment,Conv2,V1,96,0.055955,,,3,0.038599,789,3,UPSAMPLED
Feedback Alignment,Conv2,V2,96,0.040766,,,3,0.027127,789,3,UPSAMPLED
Feedback Alignment,Conv3,LOC,96,-0.000671,,,3,0.000318,789,3,UPSAMPLED
Feedback Alignment,FC1,IT,96,0.009903,,,3,0.005741,789,3,UPSAMPLED
Feedback Alignment,Conv1,V1,128,0.003597,,,3,0.002244,789,3,UPSAMPLED
Feedback Alignment,Conv1,V2,128,0.002577,,,3,0.001874,789,3,UPSAMPLED
Feedback Alignment,Conv2,V1,128,0.060614,,,3,0.041894,789,3,UPSAMPLED
Feedback Alignment,Conv2,V2,128,0.044114,,,3,0.029339,789,3,UPSAMPLED
Feedback Alignment,Conv3,LOC,128,-0.001619,,,3,-0.000226,789,3,UPSAMPLED
Feedback Alignment,FC1,IT,128,0.009684,,,3,0.005599,789,3,UPSAMPLED
Feedback Alignment,Conv1,V1,160,0.004368,,,3,0.00278,789,3,UPSAMPLED
Feedback Alignment,Conv1,V2,160,0.003095,,,3,0.002212,789,3,UPSAMPLED
Feedback Alignment,Conv2,V1,160,0.061762,,,3,0.042718,789,3,UPSAMPLED
Feedback Alignment,Conv2,V2,160,0.044949,,,3,0.029895,789,3,UPSAMPLED
Feedback Alignment,Conv3,LOC,160,-0.001862,,,3,-0.000365,789,3,UPSAMPLED
Feedback Alignment,FC1,IT,160,0.009678,,,3,0.005594,789,3,UPSAMPLED
Feedback Alignment,Conv1,V1,224,0.005079,,,3,0.003281,789,3,UPSAMPLED
Feedback Alignment,Conv1,V2,224,0.003643,,,3,0.00257,789,3,UPSAMPLED
Feedback Alignment,Conv2,V1,224,0.063949,,,3,0.044267,789,3,UPSAMPLED
Feedback Alignment,Conv2,V2,224,0.046496,,,3,0.030917,789,3,UPSAMPLED
Feedback Alignment,Conv3,LOC,224,-0.002266,,,3,-0.000583,789,3,UPSAMPLED
Feedback Alignment,FC1,IT,224,0.009518,,,3,0.005504,789,3,UPSAMPLED
Feedback Alignment,Conv1,V1,32,0.017765,,,3,0.01142,1337,4,UPSAMPLED
Feedback Alignment,Conv1,V2,32,0.009077,,,3,0.006087,1337,4,UPSAMPLED
Feedback Alignment,Conv2,V1,32,0.020559,,,3,0.013259,1337,4,UPSAMPLED
Feedback Alignment,Conv2,V2,32,0.011557,,,3,0.00775,1337,4,UPSAMPLED
Feedback Alignment,Conv3,LOC,32,0.003689,,,3,0.00246,1337,4,UPSAMPLED
Feedback Alignment,FC1,IT,32,0.007527,,,3,0.004754,1337,4,UPSAMPLED
Feedback Alignment,Conv1,V1,64,0.0099,,,3,0.006152,1337,4,UPSAMPLED
Feedback Alignment,Conv1,V2,64,0.002292,,,3,0.001648,1337,4,UPSAMPLED
Feedback Alignment,Conv2,V1,64,0.035192,,,3,0.024002,1337,4,UPSAMPLED
Feedback Alignment,Conv2,V2,64,0.024852,,,3,0.016673,1337,4,UPSAMPLED
Feedback Alignment,Conv3,LOC,64,0.001257,,,3,0.001239,1337,4,UPSAMPLED
Feedback Alignment,FC1,IT,64,0.008489,,,3,0.004826,1337,4,UPSAMPLED
Feedback Alignment,Conv1,V1,96,0.011792,,,3,0.007497,1337,4,UPSAMPLED
Feedback Alignment,Conv1,V2,96,0.003327,,,3,0.00231,1337,4,UPSAMPLED
Feedback Alignment,Conv2,V1,96,0.041689,,,3,0.028656,1337,4,UPSAMPLED
Feedback Alignment,Conv2,V2,96,0.029682,,,3,0.019891,1337,4,UPSAMPLED
Feedback Alignment,Conv3,LOC,96,0.000258,,,3,0.000657,1337,4,UPSAMPLED
Feedback Alignment,FC1,IT,96,0.009182,,,3,0.00515,1337,4,UPSAMPLED
Feedback Alignment,Conv1,V1,128,0.012901,,,3,0.008284,1337,4,UPSAMPLED
Feedback Alignment,Conv1,V2,128,0.00406,,,3,0.002785,1337,4,UPSAMPLED
Feedback Alignment,Conv2,V1,128,0.046979,,,3,0.032417,1337,4,UPSAMPLED
Feedback Alignment,Conv2,V2,128,0.033535,,,3,0.022438,1337,4,UPSAMPLED
Feedback Alignment,Conv3,LOC,128,-0.000463,,,3,0.000296,1337,4,UPSAMPLED
Feedback Alignment,FC1,IT,128,0.009387,,,3,0.005245,1337,4,UPSAMPLED
Feedback Alignment,Conv1,V1,160,0.013662,,,3,0.008814,1337,4,UPSAMPLED
Feedback Alignment,Conv1,V2,160,0.004512,,,3,0.003078,1337,4,UPSAMPLED
Feedback Alignment,Conv2,V1,160,0.048236,,,3,0.033306,1337,4,UPSAMPLED
Feedback Alignment,Conv2,V2,160,0.03444,,,3,0.023029,1337,4,UPSAMPLED
Feedback Alignment,Conv3,LOC,160,-0.000796,,,3,0.000106,1337,4,UPSAMPLED
Feedback Alignment,FC1,IT,160,0.009232,,,3,0.005143,1337,4,UPSAMPLED
Feedback Alignment,Conv1,V1,224,0.01439,,,3,0.009327,1337,4,UPSAMPLED
Feedback Alignment,Conv1,V2,224,0.004974,,,3,0.003379,1337,4,UPSAMPLED
Feedback Alignment,Conv2,V1,224,0.050681,,,3,0.035034,1337,4,UPSAMPLED
Feedback Alignment,Conv2,V2,224,0.036184,,,3,0.024174,1337,4,UPSAMPLED
Feedback Alignment,Conv3,LOC,224,-0.001234,,,3,-0.000121,1337,4,UPSAMPLED
Feedback Alignment,FC1,IT,224,0.009119,,,3,0.005073,1337,4,UPSAMPLED
Predictive Coding,Conv1,V1,32,0.025456,,,3,0.01705,42,0,NATIVE
Predictive Coding,Conv1,V2,32,0.014994,,,3,0.009904,42,0,NATIVE
Predictive Coding,Conv2,V1,32,0.012843,,,3,0.008464,42,0,NATIVE
Predictive Coding,Conv2,V2,32,0.005651,,,3,0.003873,42,0,NATIVE
Predictive Coding,Conv3,LOC,32,0.007101,,,3,0.004427,42,0,NATIVE
Predictive Coding,FC1,IT,32,0.014805,,,3,0.009243,42,0,NATIVE
Predictive Coding,Conv1,V1,64,0.018913,,,3,0.012482,42,0,NATIVE
Predictive Coding,Conv1,V2,64,0.010677,,,3,0.0071,42,0,NATIVE
Predictive Coding,Conv2,V1,64,0.010945,,,3,0.007113,42,0,NATIVE
Predictive Coding,Conv2,V2,64,0.003863,,,3,0.002646,42,0,NATIVE
Predictive Coding,Conv3,LOC,64,0.005919,,,3,0.003625,42,0,NATIVE
Predictive Coding,FC1,IT,64,0.016084,,,3,0.009914,42,0,NATIVE
Predictive Coding,Conv1,V1,96,0.015851,,,3,0.010387,42,0,NATIVE
Predictive Coding,Conv1,V2,96,0.00884,,,3,0.005928,42,0,NATIVE
Predictive Coding,Conv2,V1,96,0.010187,,,3,0.006593,42,0,NATIVE
Predictive Coding,Conv2,V2,96,0.003637,,,3,0.002441,42,0,NATIVE
Predictive Coding,Conv3,LOC,96,0.005864,,,3,0.003576,42,0,NATIVE
Predictive Coding,FC1,IT,96,0.014386,,,3,0.008932,42,0,NATIVE
Predictive Coding,Conv1,V1,128,0.014039,,,3,0.00918,42,0,NATIVE
Predictive Coding,Conv1,V2,128,0.007803,,,3,0.005261,42,0,NATIVE
Predictive Coding,Conv2,V1,128,0.009888,,,3,0.006394,42,0,NATIVE
Predictive Coding,Conv2,V2,128,0.003862,,,3,0.002569,42,0,NATIVE
Predictive Coding,Conv3,LOC,128,0.00541,,,3,0.003374,42,0,NATIVE
Predictive Coding,FC1,IT,128,0.013448,,,3,0.008364,42,0,NATIVE
Predictive Coding,Conv1,V1,160,0.013105,,,3,0.008571,42,0,NATIVE
Predictive Coding,Conv1,V2,160,0.007293,,,3,0.00494,42,0,NATIVE
Predictive Coding,Conv2,V1,160,0.010142,,,3,0.006585,42,0,NATIVE
Predictive Coding,Conv2,V2,160,0.004227,,,3,0.002792,42,0,NATIVE
Predictive Coding,Conv3,LOC,160,0.005379,,,3,0.003396,42,0,NATIVE
Predictive Coding,FC1,IT,160,0.012271,,,3,0.007692,42,0,NATIVE
Predictive Coding,Conv1,V1,224,0.011866,,,3,0.007769,42,0,NATIVE
Predictive Coding,Conv1,V2,224,0.00662,,,3,0.004518,42,0,NATIVE
Predictive Coding,Conv2,V1,224,0.010626,,,3,0.006993,42,0,NATIVE
Predictive Coding,Conv2,V2,224,0.004993,,,3,0.003291,42,0,NATIVE
Predictive Coding,Conv3,LOC,224,0.004785,,,3,0.003101,42,0,NATIVE
Predictive Coding,FC1,IT,224,0.010366,,,3,0.006662,42,0,NATIVE
Predictive Coding,Conv1,V1,32,0.022207,,,3,0.014684,123,1,NATIVE
Predictive Coding,Conv1,V2,32,0.01073,,,3,0.007088,123,1,NATIVE
Predictive Coding,Conv2,V1,32,0.022991,,,3,0.015239,123,1,NATIVE
Predictive Coding,Conv2,V2,32,0.010087,,,3,0.007178,123,1,NATIVE
Predictive Coding,Conv3,LOC,32,0.005433,,,3,0.003494,123,1,NATIVE
Predictive Coding,FC1,IT,32,0.014262,,,3,0.00874,123,1,NATIVE
Predictive Coding,Conv1,V1,64,0.018534,,,3,0.012105,123,1,NATIVE
Predictive Coding,Conv1,V2,64,0.008807,,,3,0.005765,123,1,NATIVE
Predictive Coding,Conv2,V1,64,0.022688,,,3,0.014911,123,1,NATIVE
Predictive Coding,Conv2,V2,64,0.010375,,,3,0.0072,123,1,NATIVE
Predictive Coding,Conv3,LOC,64,0.006305,,,3,0.003735,123,1,NATIVE
Predictive Coding,FC1,IT,64,0.015243,,,3,0.009372,123,1,NATIVE
Predictive Coding,Conv1,V1,96,0.016922,,,3,0.011036,123,1,NATIVE
Predictive Coding,Conv1,V2,96,0.007902,,,3,0.005181,123,1,NATIVE
Predictive Coding,Conv2,V1,96,0.022652,,,3,0.014867,123,1,NATIVE
Predictive Coding,Conv2,V2,96,0.010808,,,3,0.007394,123,1,NATIVE
Predictive Coding,Conv3,LOC,96,0.006944,,,3,0.00407,123,1,NATIVE
Predictive Coding,FC1,IT,96,0.014966,,,3,0.00911,123,1,NATIVE
Predictive Coding,Conv1,V1,128,0.016006,,,3,0.010432,123,1,NATIVE
Predictive Coding,Conv1,V2,128,0.007433,,,3,0.004872,123,1,NATIVE
Predictive Coding,Conv2,V1,128,0.02273,,,3,0.014909,123,1,NATIVE
Predictive Coding,Conv2,V2,128,0.011276,,,3,0.007644,123,1,NATIVE
Predictive Coding,Conv3,LOC,128,0.007098,,,3,0.004154,123,1,NATIVE
Predictive Coding,FC1,IT,128,0.013971,,,3,0.008424,123,1,NATIVE
Predictive Coding,Conv1,V1,160,0.015605,,,3,0.010188,123,1,NATIVE
Predictive Coding,Conv1,V2,160,0.007236,,,3,0.004754,123,1,NATIVE
Predictive Coding,Conv2,V1,160,0.023327,,,3,0.015344,123,1,NATIVE
Predictive Coding,Conv2,V2,160,0.012015,,,3,0.008097,123,1,NATIVE
Predictive Coding,Conv3,LOC,160,0.00748,,,3,0.004404,123,1,NATIVE
Predictive Coding,FC1,IT,160,0.013283,,,3,0.007995,123,1,NATIVE
Predictive Coding,Conv1,V1,224,0.015187,,,3,0.009941,123,1,NATIVE
Predictive Coding,Conv1,V2,224,0.007072,,,3,0.004648,123,1,NATIVE
Predictive Coding,Conv2,V1,224,0.024401,,,3,0.016133,123,1,NATIVE
Predictive Coding,Conv2,V2,224,0.013384,,,3,0.008941,123,1,NATIVE
Predictive Coding,Conv3,LOC,224,0.007364,,,3,0.004394,123,1,NATIVE
Predictive Coding,FC1,IT,224,0.01263,,,3,0.007627,123,1,NATIVE
Predictive Coding,Conv1,V1,32,0.023603,,,3,0.015612,456,2,NATIVE
Predictive Coding,Conv1,V2,32,0.013011,,,3,0.008582,456,2,NATIVE
Predictive Coding,Conv2,V1,32,0.035659,,,3,0.024065,456,2,NATIVE
Predictive Coding,Conv2,V2,32,0.016362,,,3,0.010826,456,2,NATIVE
Predictive Coding,Conv3,LOC,32,0.010637,,,3,0.006578,456,2,NATIVE
Predictive Coding,FC1,IT,32,0.010408,,,3,0.006519,456,2,NATIVE
Predictive Coding,Conv1,V1,64,0.018983,,,3,0.012429,456,2,NATIVE
Predictive Coding,Conv1,V2,64,0.009643,,,3,0.006375,456,2,NATIVE
Predictive Coding,Conv2,V1,64,0.030413,,,3,0.020292,456,2,NATIVE
Predictive Coding,Conv2,V2,64,0.012034,,,3,0.007954,456,2,NATIVE
Predictive Coding,Conv3,LOC,64,0.010519,,,3,0.00643,456,2,NATIVE
Predictive Coding,FC1,IT,64,0.012374,,,3,0.007529,456,2,NATIVE
Predictive Coding,Conv1,V1,96,0.016979,,,3,0.011089,456,2,NATIVE
Predictive Coding,Conv1,V2,96,0.008291,,,3,0.005508,456,2,NATIVE
Predictive Coding,Conv2,V1,96,0.026844,,,3,0.017809,456,2,NATIVE
Predictive Coding,Conv2,V2,96,0.010023,,,3,0.006648,456,2,NATIVE
Predictive Coding,Conv3,LOC,96,0.010536,,,3,0.006401,456,2,NATIVE
Predictive Coding,FC1,IT,96,0.013233,,,3,0.007953,456,2,NATIVE
Predictive Coding,Conv1,V1,128,0.01614,,,3,0.010549,456,2,NATIVE
Predictive Coding,Conv1,V2,128,0.007777,,,3,0.005178,456,2,NATIVE
Predictive Coding,Conv2,V1,128,0.024777,,,3,0.016397,456,2,NATIVE
Predictive Coding,Conv2,V2,128,0.008959,,,3,0.005972,456,2,NATIVE
Predictive Coding,Conv3,LOC,128,0.010201,,,3,0.006182,456,2,NATIVE
Predictive Coding,FC1,IT,128,0.012698,,,3,0.007661,456,2,NATIVE
Predictive Coding,Conv1,V1,160,0.015808,,,3,0.010357,456,2,NATIVE
Predictive Coding,Conv1,V2,160,0.00756,,,3,0.005045,456,2,NATIVE
Predictive Coding,Conv2,V1,160,0.024024,,,3,0.015898,456,2,NATIVE
Predictive Coding,Conv2,V2,160,0.008649,,,3,0.005778,456,2,NATIVE
Predictive Coding,Conv3,LOC,160,0.009761,,,3,0.005898,456,2,NATIVE
Predictive Coding,FC1,IT,160,0.011619,,,3,0.006988,456,2,NATIVE
Predictive Coding,Conv1,V1,224,0.015509,,,3,0.010211,456,2,NATIVE
Predictive Coding,Conv1,V2,224,0.007378,,,3,0.004939,456,2,NATIVE
Predictive Coding,Conv2,V1,224,0.022686,,,3,0.015066,456,2,NATIVE
Predictive Coding,Conv2,V2,224,0.008273,,,3,0.005552,456,2,NATIVE
Predictive Coding,Conv3,LOC,224,0.009271,,,3,0.005607,456,2,NATIVE
Predictive Coding,FC1,IT,224,0.010235,,,3,0.006266,456,2,NATIVE
Predictive Coding,Conv1,V1,32,0.016495,,,3,0.010727,789,3,NATIVE
Predictive Coding,Conv1,V2,32,0.006184,,,3,0.004253,789,3,NATIVE
Predictive Coding,Conv2,V1,32,0.020122,,,3,0.013041,789,3,NATIVE
Predictive Coding,Conv2,V2,32,0.008575,,,3,0.005894,789,3,NATIVE
Predictive Coding,Conv3,LOC,32,0.003573,,,3,0.002618,789,3,NATIVE
Predictive Coding,FC1,IT,32,0.012157,,,3,0.007326,789,3,NATIVE
Predictive Coding,Conv1,V1,64,0.014781,,,3,0.009552,789,3,NATIVE
Predictive Coding,Conv1,V2,64,0.005143,,,3,0.003517,789,3,NATIVE
Predictive Coding,Conv2,V1,64,0.017603,,,3,0.011326,789,3,NATIVE
Predictive Coding,Conv2,V2,64,0.007005,,,3,0.004856,789,3,NATIVE
Predictive Coding,Conv3,LOC,64,0.003223,,,3,0.002215,789,3,NATIVE
Predictive Coding,FC1,IT,64,0.01165,,,3,0.007112,789,3,NATIVE
Predictive Coding,Conv1,V1,96,0.014085,,,3,0.009098,789,3,NATIVE
Predictive Coding,Conv1,V2,96,0.004919,,,3,0.003342,789,3,NATIVE
Predictive Coding,Conv2,V1,96,0.016603,,,3,0.010684,789,3,NATIVE
Predictive Coding,Conv2,V2,96,0.006716,,,3,0.004636,789,3,NATIVE
Predictive Coding,Conv3,LOC,96,0.003367,,,3,0.002285,789,3,NATIVE
Predictive Coding,FC1,IT,96,0.011768,,,3,0.007285,789,3,NATIVE
Predictive Coding,Conv1,V1,128,0.013873,,,3,0.008981,789,3,NATIVE
Predictive Coding,Conv1,V2,128,0.004902,,,3,0.003316,789,3,NATIVE
Predictive Coding,Conv2,V1,128,0.016185,,,3,0.010446,789,3,NATIVE
Predictive Coding,Conv2,V2,128,0.006736,,,3,0.004647,789,3,NATIVE
Predictive Coding,Conv3,LOC,128,0.003255,,,3,0.002239,789,3,NATIVE
Predictive Coding,FC1,IT,128,0.011487,,,3,0.007102,789,3,NATIVE
Predictive Coding,Conv1,V1,160,0.013936,,,3,0.00905,789,3,NATIVE
Predictive Coding,Conv1,V2,160,0.005041,,,3,0.00341,789,3,NATIVE
Predictive Coding,Conv2,V1,160,0.016228,,,3,0.010511,789,3,NATIVE
Predictive Coding,Conv2,V2,160,0.006846,,,3,0.004721,789,3,NATIVE
Predictive Coding,Conv3,LOC,160,0.003007,,,3,0.002105,789,3,NATIVE
Predictive Coding,FC1,IT,160,0.010802,,,3,0.006619,789,3,NATIVE
Predictive Coding,Conv1,V1,224,0.014214,,,3,0.009283,789,3,NATIVE
Predictive Coding,Conv1,V2,224,0.00536,,,3,0.003627,789,3,NATIVE
Predictive Coding,Conv2,V1,224,0.016552,,,3,0.010808,789,3,NATIVE
Predictive Coding,Conv2,V2,224,0.007429,,,3,0.005082,789,3,NATIVE
Predictive Coding,Conv3,LOC,224,0.002676,,,3,0.001948,789,3,NATIVE
Predictive Coding,FC1,IT,224,0.009995,,,3,0.006162,789,3,NATIVE
Predictive Coding,Conv1,V1,32,0.043488,,,3,0.028788,1337,4,NATIVE
Predictive Coding,Conv1,V2,32,0.022306,,,3,0.014663,1337,4,NATIVE
Predictive Coding,Conv2,V1,32,0.024015,,,3,0.015475,1337,4,NATIVE
Predictive Coding,Conv2,V2,32,0.009658,,,3,0.006567,1337,4,NATIVE
Predictive Coding,Conv3,LOC,32,0.006712,,,3,0.004307,1337,4,NATIVE
Predictive Coding,FC1,IT,32,0.012458,,,3,0.007503,1337,4,NATIVE
Predictive Coding,Conv1,V1,64,0.035227,,,3,0.02296,1337,4,NATIVE
Predictive Coding,Conv1,V2,64,0.016743,,,3,0.011066,1337,4,NATIVE
Predictive Coding,Conv2,V1,64,0.01786,,,3,0.011094,1337,4,NATIVE
Predictive Coding,Conv2,V2,64,0.004811,,,3,0.003443,1337,4,NATIVE
Predictive Coding,Conv3,LOC,64,0.006923,,,3,0.004251,1337,4,NATIVE
Predictive Coding,FC1,IT,64,0.013105,,,3,0.007923,1337,4,NATIVE
Predictive Coding,Conv1,V1,96,0.03058,,,3,0.019777,1337,4,NATIVE
Predictive Coding,Conv1,V2,96,0.013943,,,3,0.009277,1337,4,NATIVE
Predictive Coding,Conv2,V1,96,0.013691,,,3,0.008183,1337,4,NATIVE
Predictive Coding,Conv2,V2,96,0.002545,,,3,0.001913,1337,4,NATIVE
Predictive Coding,Conv3,LOC,96,0.007651,,,3,0.004631,1337,4,NATIVE
Predictive Coding,FC1,IT,96,0.013565,,,3,0.008066,1337,4,NATIVE
Predictive Coding,Conv1,V1,128,0.028061,,,3,0.018088,1337,4,NATIVE
Predictive Coding,Conv1,V2,128,0.012532,,,3,0.008367,1337,4,NATIVE
Predictive Coding,Conv2,V1,128,0.011442,,,3,0.006635,1337,4,NATIVE
Predictive Coding,Conv2,V2,128,0.001421,,,3,0.001167,1337,4,NATIVE
Predictive Coding,Conv3,LOC,128,0.007607,,,3,0.004598,1337,4,NATIVE
Predictive Coding,FC1,IT,128,0.012779,,,3,0.007712,1337,4,NATIVE
Predictive Coding,Conv1,V1,160,0.026802,,,3,0.017264,1337,4,NATIVE
Predictive Coding,Conv1,V2,160,0.011832,,,3,0.007926,1337,4,NATIVE
Predictive Coding,Conv2,V1,160,0.010505,,,3,0.006011,1337,4,NATIVE
Predictive Coding,Conv2,V2,160,0.000948,,,3,0.000876,1337,4,NATIVE
Predictive Coding,Conv3,LOC,160,0.007598,,,3,0.004591,1337,4,NATIVE
Predictive Coding,FC1,IT,160,0.01217,,,3,0.007354,1337,4,NATIVE
Predictive Coding,Conv1,V1,224,0.024887,,,3,0.016028,1337,4,NATIVE
Predictive Coding,Conv1,V2,224,0.010834,,,3,0.0073,1337,4,NATIVE
Predictive Coding,Conv2,V1,224,0.008863,,,3,0.004975,1337,4,NATIVE
Predictive Coding,Conv2,V2,224,0.000609,,,3,0.000646,1337,4,NATIVE
Predictive Coding,Conv3,LOC,224,0.00704,,,3,0.004303,1337,4,NATIVE
Predictive Coding,FC1,IT,224,0.011488,,,3,0.00704,1337,4,NATIVE
Predictive Coding,Conv1,V1,32,0.025456,,,3,0.01705,42,0,UPSAMPLED
Predictive Coding,Conv1,V2,32,0.014994,,,3,0.009904,42,0,UPSAMPLED
Predictive Coding,Conv2,V1,32,0.012843,,,3,0.008464,42,0,UPSAMPLED
Predictive Coding,Conv2,V2,32,0.005651,,,3,0.003873,42,0,UPSAMPLED
Predictive Coding,Conv3,LOC,32,0.007101,,,3,0.004427,42,0,UPSAMPLED
Predictive Coding,FC1,IT,32,0.014805,,,3,0.009243,42,0,UPSAMPLED
Predictive Coding,Conv1,V1,64,0.011846,,,3,0.007802,42,0,UPSAMPLED
Predictive Coding,Conv1,V2,64,0.006446,,,3,0.004372,42,0,UPSAMPLED
Predictive Coding,Conv2,V1,64,0.026948,,,3,0.018464,42,0,UPSAMPLED
Predictive Coding,Conv2,V2,64,0.020616,,,3,0.013698,42,0,UPSAMPLED
Predictive Coding,Conv3,LOC,64,0.001442,,,3,0.001529,42,0,UPSAMPLED
Predictive Coding,FC1,IT,64,0.011896,,,3,0.007197,42,0,UPSAMPLED
Predictive Coding,Conv1,V1,96,0.012956,,,3,0.008603,42,0,UPSAMPLED
Predictive Coding,Conv1,V2,96,0.007208,,,3,0.004886,42,0,UPSAMPLED
Predictive Coding,Conv2,V1,96,0.033006,,,3,0.022709,42,0,UPSAMPLED
Predictive Coding,Conv2,V2,96,0.02497,,,3,0.016554,42,0,UPSAMPLED
Predictive Coding,Conv3,LOC,96,0.000373,,,3,0.000933,42,0,UPSAMPLED
Predictive Coding,FC1,IT,96,0.011544,,,3,0.006871,42,0,UPSAMPLED
Predictive Coding,Conv1,V1,128,0.013465,,,3,0.008988,42,0,UPSAMPLED
Predictive Coding,Conv1,V2,128,0.00772,,,3,0.005234,42,0,UPSAMPLED
Predictive Coding,Conv2,V1,128,0.038114,,,3,0.026312,42,0,UPSAMPLED
Predictive Coding,Conv2,V2,128,0.028899,,,3,0.019155,42,0,UPSAMPLED
Predictive Coding,Conv3,LOC,128,-0.000223,,,3,0.000629,42,0,UPSAMPLED
Predictive Coding,FC1,IT,128,0.011296,,,3,0.006724,42,0,UPSAMPLED
Predictive Coding,Conv1,V1,160,0.013878,,,3,0.009284,42,0,UPSAMPLED
Predictive Coding,Conv1,V2,160,0.007977,,,3,0.005408,42,0,UPSAMPLED
Predictive Coding,Conv2,V1,160,0.039196,,,3,0.02708,42,0,UPSAMPLED
Predictive Coding,Conv2,V2,160,0.029657,,,3,0.01966,42,0,UPSAMPLED
Predictive Coding,Conv3,LOC,160,-0.000421,,,3,0.000523,42,0,UPSAMPLED
Predictive Coding,FC1,IT,160,0.011117,,,3,0.00663,42,0,UPSAMPLED
Predictive Coding,Conv1,V1,224,0.014306,,,3,0.009593,42,0,UPSAMPLED
Predictive Coding,Conv1,V2,224,0.008297,,,3,0.005624,42,0,UPSAMPLED
Predictive Coding,Conv2,V1,224,0.041148,,,3,0.028459,42,0,UPSAMPLED
Predictive Coding,Conv2,V2,224,0.031119,,,3,0.020633,42,0,UPSAMPLED
Predictive Coding,Conv3,LOC,224,-0.00057,,,3,0.000455,42,0,UPSAMPLED
Predictive Coding,FC1,IT,224,0.010809,,,3,0.006454,42,0,UPSAMPLED
Predictive Coding,Conv1,V1,32,0.022207,,,3,0.014684,123,1,UPSAMPLED
Predictive Coding,Conv1,V2,32,0.01073,,,3,0.007088,123,1,UPSAMPLED
Predictive Coding,Conv2,V1,32,0.022991,,,3,0.015239,123,1,UPSAMPLED
Predictive Coding,Conv2,V2,32,0.010087,,,3,0.007178,123,1,UPSAMPLED
Predictive Coding,Conv3,LOC,32,0.005433,,,3,0.003494,123,1,UPSAMPLED
Predictive Coding,FC1,IT,32,0.014262,,,3,0.00874,123,1,UPSAMPLED
Predictive Coding,Conv1,V1,64,0.012794,,,3,0.008335,123,1,UPSAMPLED
Predictive Coding,Conv1,V2,64,0.005875,,,3,0.003907,123,1,UPSAMPLED
Predictive Coding,Conv2,V1,64,0.045917,,,3,0.031032,123,1,UPSAMPLED
Predictive Coding,Conv2,V2,64,0.033224,,,3,0.022051,123,1,UPSAMPLED
Predictive Coding,Conv3,LOC,64,0.00255,,,3,0.002101,123,1,UPSAMPLED
Predictive Coding,FC1,IT,64,0.013426,,,3,0.00811,123,1,UPSAMPLED
Predictive Coding,Conv1,V1,96,0.013614,,,3,0.008919,123,1,UPSAMPLED
Predictive Coding,Conv1,V2,96,0.006296,,,3,0.004166,123,1,UPSAMPLED
Predictive Coding,Conv2,V1,96,0.054082,,,3,0.036779,123,1,UPSAMPLED
Predictive Coding,Conv2,V2,96,0.039537,,,3,0.026166,123,1,UPSAMPLED
Predictive Coding,Conv3,LOC,96,0.001931,,,3,0.001758,123,1,UPSAMPLED
Predictive Coding,FC1,IT,96,0.012594,,,3,0.007667,123,1,UPSAMPLED
Predictive Coding,Conv1,V1,128,0.013879,,,3,0.009129,123,1,UPSAMPLED
Predictive Coding,Conv1,V2,128,0.006615,,,3,0.004371,123,1,UPSAMPLED
Predictive Coding,Conv2,V1,128,0.061714,,,3,0.042154,123,1,UPSAMPLED
Predictive Coding,Conv2,V2,128,0.045461,,,3,0.030027,123,1,UPSAMPLED
Predictive Coding,Conv3,LOC,128,0.001477,,,3,0.001522,123,1,UPSAMPLED
Predictive Coding,FC1,IT,128,0.012844,,,3,0.007859,123,1,UPSAMPLED
Predictive Coding,Conv1,V1,160,0.014518,,,3,0.009572,123,1,UPSAMPLED
Predictive Coding,Conv1,V2,160,0.006949,,,3,0.004585,123,1,UPSAMPLED
Predictive Coding,Conv2,V1,160,0.063589,,,3,0.043474,123,1,UPSAMPLED
Predictive Coding,Conv2,V2,160,0.046864,,,3,0.030939,123,1,UPSAMPLED
Predictive Coding,Conv3,LOC,160,0.001238,,,3,0.001383,123,1,UPSAMPLED
Predictive Coding,FC1,IT,160,0.012308,,,3,0.007574,123,1,UPSAMPLED
Predictive Coding,Conv1,V1,224,0.0149,,,3,0.009845,123,1,UPSAMPLED
Predictive Coding,Conv1,V2,224,0.007202,,,3,0.004747,123,1,UPSAMPLED
Predictive Coding,Conv2,V1,224,0.066964,,,3,0.045851,123,1,UPSAMPLED
Predictive Coding,Conv2,V2,224,0.049375,,,3,0.032576,123,1,UPSAMPLED
Predictive Coding,Conv3,LOC,224,0.000917,,,3,0.001212,123,1,UPSAMPLED
Predictive Coding,FC1,IT,224,0.012177,,,3,0.007521,123,1,UPSAMPLED
Predictive Coding,Conv1,V1,32,0.023603,,,3,0.015612,456,2,UPSAMPLED
Predictive Coding,Conv1,V2,32,0.013011,,,3,0.008582,456,2,UPSAMPLED
Predictive Coding,Conv2,V1,32,0.035659,,,3,0.024065,456,2,UPSAMPLED
Predictive Coding,Conv2,V2,32,0.016362,,,3,0.010826,456,2,UPSAMPLED
Predictive Coding,Conv3,LOC,32,0.010637,,,3,0.006578,456,2,UPSAMPLED
Predictive Coding,FC1,IT,32,0.010408,,,3,0.006519,456,2,UPSAMPLED
Predictive Coding,Conv1,V1,64,0.014109,,,3,0.00927,456,2,UPSAMPLED
Predictive Coding,Conv1,V2,64,0.006593,,,3,0.004433,456,2,UPSAMPLED
Predictive Coding,Conv2,V1,64,0.02482,,,3,0.01699,456,2,UPSAMPLED
Predictive Coding,Conv2,V2,64,0.015283,,,3,0.010301,456,2,UPSAMPLED
Predictive Coding,Conv3,LOC,64,0.007058,,,3,0.004387,456,2,UPSAMPLED
Predictive Coding,FC1,IT,64,0.01231,,,3,0.007389,456,2,UPSAMPLED
Predictive Coding,Conv1,V1,96,0.016141,,,3,0.010727,456,2,UPSAMPLED
Predictive Coding,Conv1,V2,96,0.007944,,,3,0.005334,456,2,UPSAMPLED
Predictive Coding,Conv2,V1,96,0.028194,,,3,0.019447,456,2,UPSAMPLED
Predictive Coding,Conv2,V2,96,0.018283,,,3,0.012288,456,2,UPSAMPLED
Predictive Coding,Conv3,LOC,96,0.005698,,,3,0.003578,456,2,UPSAMPLED
Predictive Coding,FC1,IT,96,0.01225,,,3,0.007318,456,2,UPSAMPLED
Predictive Coding,Conv1,V1,128,0.017466,,,3,0.011677,456,2,UPSAMPLED
Predictive Coding,Conv1,V2,128,0.008938,,,3,0.005996,456,2,UPSAMPLED
Predictive Coding,Conv2,V1,128,0.031446,,,3,0.021785,456,2,UPSAMPLED
Predictive Coding,Conv2,V2,128,0.021088,,,3,0.014144,456,2,UPSAMPLED
Predictive Coding,Conv3,LOC,128,0.00478,,,3,0.003045,456,2,UPSAMPLED
Predictive Coding,FC1,IT,128,0.012023,,,3,0.007135,456,2,UPSAMPLED
Predictive Coding,Conv1,V1,160,0.018288,,,3,0.012253,456,2,UPSAMPLED
Predictive Coding,Conv1,V2,160,0.009456,,,3,0.006337,456,2,UPSAMPLED
Predictive Coding,Conv2,V1,160,0.03235,,,3,0.022428,456,2,UPSAMPLED
Predictive Coding,Conv2,V2,160,0.021733,,,3,0.014567,456,2,UPSAMPLED
Predictive Coding,Conv3,LOC,160,0.004449,,,3,0.002848,456,2,UPSAMPLED
Predictive Coding,FC1,IT,160,0.011917,,,3,0.007059,456,2,UPSAMPLED
Predictive Coding,Conv1,V1,224,0.019097,,,3,0.012825,456,2,UPSAMPLED
Predictive Coding,Conv1,V2,224,0.010019,,,3,0.00671,456,2,UPSAMPLED
Predictive Coding,Conv2,V1,224,0.033901,,,3,0.023539,456,2,UPSAMPLED
Predictive Coding,Conv2,V2,224,0.02295,,,3,0.015373,456,2,UPSAMPLED
Predictive Coding,Conv3,LOC,224,0.003984,,,3,0.002581,456,2,UPSAMPLED
Predictive Coding,FC1,IT,224,0.011639,,,3,0.006867,456,2,UPSAMPLED
Predictive Coding,Conv1,V1,32,0.016495,,,3,0.010727,789,3,UPSAMPLED
Predictive Coding,Conv1,V2,32,0.006184,,,3,0.004253,789,3,UPSAMPLED
Predictive Coding,Conv2,V1,32,0.020122,,,3,0.013041,789,3,UPSAMPLED
Predictive Coding,Conv2,V2,32,0.008575,,,3,0.005894,789,3,UPSAMPLED
Predictive Coding,Conv3,LOC,32,0.003573,,,3,0.002618,789,3,UPSAMPLED
Predictive Coding,FC1,IT,32,0.012157,,,3,0.007326,789,3,UPSAMPLED
Predictive Coding,Conv1,V1,64,0.013479,,,3,0.008848,789,3,UPSAMPLED
Predictive Coding,Conv1,V2,64,0.004631,,,3,0.003164,789,3,UPSAMPLED
Predictive Coding,Conv2,V1,64,0.028307,,,3,0.019096,789,3,UPSAMPLED
Predictive Coding,Conv2,V2,64,0.017671,,,3,0.01189,789,3,UPSAMPLED
Predictive Coding,Conv3,LOC,64,0.000516,,,3,0.001021,789,3,UPSAMPLED
Predictive Coding,FC1,IT,64,0.009605,,,3,0.005585,789,3,UPSAMPLED
Predictive Coding,Conv1,V1,96,0.01697,,,3,0.01127,789,3,UPSAMPLED
Predictive Coding,Conv1,V2,96,0.006876,,,3,0.004621,789,3,UPSAMPLED
Predictive Coding,Conv2,V1,96,0.033874,,,3,0.023027,789,3,UPSAMPLED
Predictive Coding,Conv2,V2,96,0.022094,,,3,0.014798,789,3,UPSAMPLED
Predictive Coding,Conv3,LOC,96,-0.00035,,,3,0.000491,789,3,UPSAMPLED
Predictive Coding,FC1,IT,96,0.009199,,,3,0.005262,789,3,UPSAMPLED
Predictive Coding,Conv1,V1,128,0.019052,,,3,0.012723,789,3,UPSAMPLED
Predictive Coding,Conv1,V2,128,0.008322,,,3,0.005568,789,3,UPSAMPLED
Predictive Coding,Conv2,V1,128,0.039062,,,3,0.026679,789,3,UPSAMPLED
Predictive Coding,Conv2,V2,128,0.026068,,,3,0.01741,789,3,UPSAMPLED
Predictive Coding,Conv3,LOC,128,-0.00091,,,3,0.000171,789,3,UPSAMPLED
Predictive Coding,FC1,IT,128,0.009122,,,3,0.005218,789,3,UPSAMPLED
Predictive Coding,Conv1,V1,160,0.020056,,,3,0.013415,789,3,UPSAMPLED
Predictive Coding,Conv1,V2,160,0.008918,,,3,0.005957,789,3,UPSAMPLED
Predictive Coding,Conv2,V1,160,0.04067,,,3,0.027807,789,3,UPSAMPLED
Predictive Coding,Conv2,V2,160,0.027206,,,3,0.018152,789,3,UPSAMPLED
Predictive Coding,Conv3,LOC,160,-0.001157,,,3,3e-05,789,3,UPSAMPLED
Predictive Coding,FC1,IT,160,0.009029,,,3,0.005173,789,3,UPSAMPLED
Predictive Coding,Conv1,V1,224,0.021173,,,3,0.014191,789,3,UPSAMPLED
Predictive Coding,Conv1,V2,224,0.009624,,,3,0.006421,789,3,UPSAMPLED
Predictive Coding,Conv2,V1,224,0.043328,,,3,0.029671,789,3,UPSAMPLED
Predictive Coding,Conv2,V2,224,0.029125,,,3,0.019411,789,3,UPSAMPLED
Predictive Coding,Conv3,LOC,224,-0.001398,,,3,-0.000107,789,3,UPSAMPLED
Predictive Coding,FC1,IT,224,0.009006,,,3,0.005169,789,3,UPSAMPLED
Predictive Coding,Conv1,V1,32,0.043488,,,3,0.028788,1337,4,UPSAMPLED
Predictive Coding,Conv1,V2,32,0.022306,,,3,0.014663,1337,4,UPSAMPLED
Predictive Coding,Conv2,V1,32,0.024015,,,3,0.015475,1337,4,UPSAMPLED
Predictive Coding,Conv2,V2,32,0.009658,,,3,0.006567,1337,4,UPSAMPLED
Predictive Coding,Conv3,LOC,32,0.006712,,,3,0.004307,1337,4,UPSAMPLED
Predictive Coding,FC1,IT,32,0.012458,,,3,0.007503,1337,4,UPSAMPLED
Predictive Coding,Conv1,V1,64,0.017949,,,3,0.011532,1337,4,UPSAMPLED
Predictive Coding,Conv1,V2,64,0.006909,,,3,0.004778,1337,4,UPSAMPLED
Predictive Coding,Conv2,V1,64,0.02121,,,3,0.013721,1337,4,UPSAMPLED
Predictive Coding,Conv2,V2,64,0.015403,,,3,0.010456,1337,4,UPSAMPLED
Predictive Coding,Conv3,LOC,64,0.001827,,,3,0.001713,1337,4,UPSAMPLED
Predictive Coding,FC1,IT,64,0.010332,,,3,0.006349,1337,4,UPSAMPLED
Predictive Coding,Conv1,V1,96,0.018044,,,3,0.011682,1337,4,UPSAMPLED
Predictive Coding,Conv1,V2,96,0.007112,,,3,0.004929,1337,4,UPSAMPLED
Predictive Coding,Conv2,V1,96,0.027275,,,3,0.018056,1337,4,UPSAMPLED
Predictive Coding,Conv2,V2,96,0.020339,,,3,0.013708,1337,4,UPSAMPLED
Predictive Coding,Conv3,LOC,96,0.000632,,,3,0.001052,1337,4,UPSAMPLED
Predictive Coding,FC1,IT,96,0.009713,,,3,0.005943,1337,4,UPSAMPLED
Predictive Coding,Conv1,V1,128,0.018176,,,3,0.01183,1337,4,UPSAMPLED
Predictive Coding,Conv1,V2,128,0.007423,,,3,0.005146,1337,4,UPSAMPLED
Predictive Coding,Conv2,V1,128,0.032921,,,3,0.022072,1337,4,UPSAMPLED
Predictive Coding,Conv2,V2,128,0.02495,,,3,0.016746,1337,4,UPSAMPLED
Predictive Coding,Conv3,LOC,128,-0.000281,,,3,0.000561,1337,4,UPSAMPLED
Predictive Coding,FC1,IT,128,0.009612,,,3,0.005919,1337,4,UPSAMPLED
Predictive Coding,Conv1,V1,160,0.018659,,,3,0.012176,1337,4,UPSAMPLED
Predictive Coding,Conv1,V2,160,0.007736,,,3,0.005355,1337,4,UPSAMPLED
Predictive Coding,Conv2,V1,160,0.034561,,,3,0.023228,1337,4,UPSAMPLED
Predictive Coding,Conv2,V2,160,0.026092,,,3,0.017498,1337,4,UPSAMPLED
Predictive Coding,Conv3,LOC,160,-0.000609,,,3,0.00038,1337,4,UPSAMPLED
Predictive Coding,FC1,IT,160,0.009583,,,3,0.005901,1337,4,UPSAMPLED
Predictive Coding,Conv1,V1,224,0.018986,,,3,0.01242,1337,4,UPSAMPLED
Predictive Coding,Conv1,V2,224,0.008,,,3,0.005531,1337,4,UPSAMPLED
Predictive Coding,Conv2,V1,224,0.037402,,,3,0.025242,1337,4,UPSAMPLED
Predictive Coding,Conv2,V2,224,0.028229,,,3,0.018908,1337,4,UPSAMPLED
Predictive Coding,Conv3,LOC,224,-0.001159,,,3,7.9e-05,1337,4,UPSAMPLED
Predictive Coding,FC1,IT,224,0.009335,,,3,0.005718,1337,4,UPSAMPLED
Random Weights,Conv1,V1,32,0.070563,,,3,0.049303,42,0,NATIVE
Random Weights,Conv1,V2,32,0.038778,,,3,0.025779,42,0,NATIVE
Random Weights,Conv2,V1,32,0.073979,,,3,0.052345,42,0,NATIVE
Random Weights,Conv2,V2,32,0.045058,,,3,0.030207,42,0,NATIVE
Random Weights,Conv3,LOC,32,-0.004314,,,3,-0.001799,42,0,NATIVE
Random Weights,FC1,IT,32,0.004205,,,3,0.002302,42,0,NATIVE
Random Weights,Conv1,V1,64,0.075849,,,3,0.053071,42,0,NATIVE
Random Weights,Conv1,V2,64,0.043135,,,3,0.028703,42,0,NATIVE
Random Weights,Conv2,V1,64,0.08103,,,3,0.057331,42,0,NATIVE
Random Weights,Conv2,V2,64,0.049505,,,3,0.033192,42,0,NATIVE
Random Weights,Conv3,LOC,64,-0.006412,,,3,-0.002917,42,0,NATIVE
Random Weights,FC1,IT,64,0.005607,,,3,0.003453,42,0,NATIVE
Random Weights,Conv1,V1,96,0.07899,,,3,0.055305,42,0,NATIVE
Random Weights,Conv1,V2,96,0.045746,,,3,0.030448,42,0,NATIVE
Random Weights,Conv2,V1,96,0.085458,,,3,0.060408,42,0,NATIVE
Random Weights,Conv2,V2,96,0.052493,,,3,0.035154,42,0,NATIVE
Random Weights,Conv3,LOC,96,-0.006937,,,3,-0.00321,42,0,NATIVE
Random Weights,FC1,IT,96,0.006362,,,3,0.003999,42,0,NATIVE
Random Weights,Conv1,V1,128,0.080902,,,3,0.056672,42,0,NATIVE
Random Weights,Conv1,V2,128,0.047246,,,3,0.031456,42,0,NATIVE
Random Weights,Conv2,V1,128,0.088012,,,3,0.062162,42,0,NATIVE
Random Weights,Conv2,V2,128,0.054316,,,3,0.036351,42,0,NATIVE
Random Weights,Conv3,LOC,128,-0.007333,,,3,-0.003437,42,0,NATIVE
Random Weights,FC1,IT,128,0.006427,,,3,0.004114,42,0,NATIVE
Random Weights,Conv1,V1,160,0.082195,,,3,0.057597,42,0,NATIVE
Random Weights,Conv1,V2,160,0.048215,,,3,0.03212,42,0,NATIVE
Random Weights,Conv2,V1,160,0.089592,,,3,0.063264,42,0,NATIVE
Random Weights,Conv2,V2,160,0.055347,,,3,0.03705,42,0,NATIVE
Random Weights,Conv3,LOC,160,-0.007523,,,3,-0.003541,42,0,NATIVE
Random Weights,FC1,IT,160,0.006481,,,3,0.004158,42,0,NATIVE
Random Weights,Conv1,V1,224,0.083977,,,3,0.058863,42,0,NATIVE
Random Weights,Conv1,V2,224,0.049506,,,3,0.032993,42,0,NATIVE
Random Weights,Conv2,V1,224,0.09165,,,3,0.064679,42,0,NATIVE
Random Weights,Conv2,V2,224,0.056744,,,3,0.037989,42,0,NATIVE
Random Weights,Conv3,LOC,224,-0.007902,,,3,-0.003739,42,0,NATIVE
Random Weights,FC1,IT,224,0.006677,,,3,0.004334,42,0,NATIVE
Random Weights,Conv1,V1,32,0.05701,,,3,0.039235,123,1,NATIVE
Random Weights,Conv1,V2,32,0.030798,,,3,0.02038,123,1,NATIVE
Random Weights,Conv2,V1,32,0.080575,,,3,0.056198,123,1,NATIVE
Random Weights,Conv2,V2,32,0.049166,,,3,0.032842,123,1,NATIVE
Random Weights,Conv3,LOC,32,0.001717,,,3,0.001584,123,1,NATIVE
Random Weights,FC1,IT,32,0.007472,,,3,0.004455,123,1,NATIVE
Random Weights,Conv1,V1,64,0.059389,,,3,0.040929,123,1,NATIVE
Random Weights,Conv1,V2,64,0.033042,,,3,0.021854,123,1,NATIVE
Random Weights,Conv2,V1,64,0.085034,,,3,0.0593,123,1,NATIVE
Random Weights,Conv2,V2,64,0.052038,,,3,0.034756,123,1,NATIVE
Random Weights,Conv3,LOC,64,-0.000729,,,3,0.000325,123,1,NATIVE
Random Weights,FC1,IT,64,0.006688,,,3,0.004347,123,1,NATIVE
Random Weights,Conv1,V1,96,0.060942,,,3,0.04207,123,1,NATIVE
Random Weights,Conv1,V2,96,0.034272,,,3,0.022683,123,1,NATIVE
Random Weights,Conv2,V1,96,0.086507,,,3,0.060302,123,1,NATIVE
Random Weights,Conv2,V2,96,0.052993,,,3,0.03537,123,1,NATIVE
Random Weights,Conv3,LOC,96,-0.001861,,,3,-0.000307,123,1,NATIVE
Random Weights,FC1,IT,96,0.00715,,,3,0.004558,123,1,NATIVE
Random Weights,Conv1,V1,128,0.061905,,,3,0.042776,123,1,NATIVE
Random Weights,Conv1,V2,128,0.03496,,,3,0.023149,123,1,NATIVE
Random Weights,Conv2,V1,128,0.087303,,,3,0.060885,123,1,NATIVE
Random Weights,Conv2,V2,128,0.053622,,,3,0.035777,123,1,NATIVE
Random Weights,Conv3,LOC,128,-0.002236,,,3,-0.000516,123,1,NATIVE
Random Weights,FC1,IT,128,0.007202,,,3,0.004505,123,1,NATIVE
Random Weights,Conv1,V1,160,0.062596,,,3,0.043284,123,1,NATIVE
Random Weights,Conv1,V2,160,0.035436,,,3,0.02348,123,1,NATIVE
Random Weights,Conv2,V1,160,0.088007,,,3,0.061387,123,1,NATIVE
Random Weights,Conv2,V2,160,0.054269,,,3,0.036197,123,1,NATIVE
Random Weights,Conv3,LOC,160,-0.002554,,,3,-0.000671,123,1,NATIVE
Random Weights,FC1,IT,160,0.00739,,,3,0.004588,123,1,NATIVE
Random Weights,Conv1,V1,224,0.063488,,,3,0.043932,123,1,NATIVE
Random Weights,Conv1,V2,224,0.036081,,,3,0.023921,123,1,NATIVE
Random Weights,Conv2,V1,224,0.088153,,,3,0.061493,123,1,NATIVE
Random Weights,Conv2,V2,224,0.05451,,,3,0.036356,123,1,NATIVE
Random Weights,Conv3,LOC,224,-0.003059,,,3,-0.000931,123,1,NATIVE
Random Weights,FC1,IT,224,0.00798,,,3,0.004942,123,1,NATIVE
Random Weights,Conv1,V1,32,0.067057,,,3,0.046539,456,2,NATIVE
Random Weights,Conv1,V2,32,0.035473,,,3,0.023525,456,2,NATIVE
Random Weights,Conv2,V1,32,0.086247,,,3,0.060826,456,2,NATIVE
Random Weights,Conv2,V2,32,0.052194,,,3,0.034916,456,2,NATIVE
Random Weights,Conv3,LOC,32,0.000559,,,3,0.001116,456,2,NATIVE
Random Weights,FC1,IT,32,0.009119,,,3,0.00573,456,2,NATIVE
Random Weights,Conv1,V1,64,0.07108,,,3,0.049432,456,2,NATIVE
Random Weights,Conv1,V2,64,0.039012,,,3,0.025882,456,2,NATIVE
Random Weights,Conv2,V1,64,0.09112,,,3,0.064135,456,2,NATIVE
Random Weights,Conv2,V2,64,0.055028,,,3,0.036743,456,2,NATIVE
Random Weights,Conv3,LOC,64,-0.001592,,,3,-0.000173,456,2,NATIVE
Random Weights,FC1,IT,64,0.009854,,,3,0.005949,456,2,NATIVE
Random Weights,Conv1,V1,96,0.073586,,,3,0.051247,456,2,NATIVE
Random Weights,Conv1,V2,96,0.041053,,,3,0.027257,456,2,NATIVE
Random Weights,Conv2,V1,96,0.093607,,,3,0.065853,456,2,NATIVE
Random Weights,Conv2,V2,96,0.056723,,,3,0.03785,456,2,NATIVE
Random Weights,Conv3,LOC,96,-0.001753,,,3,-0.000193,456,2,NATIVE
Random Weights,FC1,IT,96,0.011189,,,3,0.006753,456,2,NATIVE
Random Weights,Conv1,V1,128,0.075358,,,3,0.052524,456,2,NATIVE
Random Weights,Conv1,V2,128,0.042383,,,3,0.02816,456,2,NATIVE
Random Weights,Conv2,V1,128,0.094842,,,3,0.066708,456,2,NATIVE
Random Weights,Conv2,V2,128,0.057701,,,3,0.038501,456,2,NATIVE
Random Weights,Conv3,LOC,128,-0.001978,,,3,-0.000287,456,2,NATIVE
Random Weights,FC1,IT,128,0.011728,,,3,0.007084,456,2,NATIVE
Random Weights,Conv1,V1,160,0.076503,,,3,0.05335,456,2,NATIVE
Random Weights,Conv1,V2,160,0.04322,,,3,0.028734,456,2,NATIVE
Random Weights,Conv2,V1,160,0.095795,,,3,0.067354,456,2,NATIVE
Random Weights,Conv2,V2,160,0.05848,,,3,0.039016,456,2,NATIVE
Random Weights,Conv3,LOC,160,-0.002056,,,3,-0.000303,456,2,NATIVE
Random Weights,FC1,IT,160,0.012152,,,3,0.007355,456,2,NATIVE
Random Weights,Conv1,V1,224,0.078138,,,3,0.05452,456,2,NATIVE
Random Weights,Conv1,V2,224,0.044454,,,3,0.029576,456,2,NATIVE
Random Weights,Conv2,V1,224,0.096832,,,3,0.068055,456,2,NATIVE
Random Weights,Conv2,V2,224,0.059382,,,3,0.039615,456,2,NATIVE
Random Weights,Conv3,LOC,224,-0.002218,,,3,-0.000346,456,2,NATIVE
Random Weights,FC1,IT,224,0.01257,,,3,0.007638,456,2,NATIVE
Random Weights,Conv1,V1,32,0.067322,,,3,0.046956,789,3,NATIVE
Random Weights,Conv1,V2,32,0.035308,,,3,0.023625,789,3,NATIVE
Random Weights,Conv2,V1,32,0.078416,,,3,0.055342,789,3,NATIVE
Random Weights,Conv2,V2,32,0.045278,,,3,0.03046,789,3,NATIVE
Random Weights,Conv3,LOC,32,-0.003332,,,3,-0.001307,789,3,NATIVE
Random Weights,FC1,IT,32,0.003,,,3,0.001442,789,3,NATIVE
Random Weights,Conv1,V1,64,0.073214,,,3,0.051132,789,3,NATIVE
Random Weights,Conv1,V2,64,0.040196,,,3,0.026886,789,3,NATIVE
Random Weights,Conv2,V1,64,0.083886,,,3,0.059206,789,3,NATIVE
Random Weights,Conv2,V2,64,0.048936,,,3,0.032941,789,3,NATIVE
Random Weights,Conv3,LOC,64,-0.005156,,,3,-0.002352,789,3,NATIVE
Random Weights,FC1,IT,64,0.00258,,,3,0.001288,789,3,NATIVE
Random Weights,Conv1,V1,96,0.076283,,,3,0.053308,789,3,NATIVE
Random Weights,Conv1,V2,96,0.042652,,,3,0.02851,789,3,NATIVE
Random Weights,Conv2,V1,96,0.087287,,,3,0.061539,789,3,NATIVE
Random Weights,Conv2,V2,96,0.051591,,,3,0.034654,789,3,NATIVE
Random Weights,Conv3,LOC,96,-0.005726,,,3,-0.002681,789,3,NATIVE
Random Weights,FC1,IT,96,0.003262,,,3,0.001785,789,3,NATIVE
Random Weights,Conv1,V1,128,0.078086,,,3,0.054592,789,3,NATIVE
Random Weights,Conv1,V2,128,0.043994,,,3,0.02941,789,3,NATIVE
Random Weights,Conv2,V1,128,0.088734,,,3,0.062548,789,3,NATIVE
Random Weights,Conv2,V2,128,0.052702,,,3,0.035387,789,3,NATIVE
Random Weights,Conv3,LOC,128,-0.006217,,,3,-0.00295,789,3,NATIVE
Random Weights,FC1,IT,128,0.003641,,,3,0.002038,789,3,NATIVE
Random Weights,Conv1,V1,160,0.07927,,,3,0.055428,789,3,NATIVE
Random Weights,Conv1,V2,160,0.044847,,,3,0.029986,789,3,NATIVE
Random Weights,Conv2,V1,160,0.089638,,,3,0.063166,789,3,NATIVE
Random Weights,Conv2,V2,160,0.053337,,,3,0.035804,789,3,NATIVE
Random Weights,Conv3,LOC,160,-0.006563,,,3,-0.003131,789,3,NATIVE
Random Weights,FC1,IT,160,0.004111,,,3,0.002369,789,3,NATIVE
Random Weights,Conv1,V1,224,0.080877,,,3,0.056563,789,3,NATIVE
Random Weights,Conv1,V2,224,0.046015,,,3,0.030778,789,3,NATIVE
Random Weights,Conv2,V1,224,0.090631,,,3,0.063843,789,3,NATIVE
Random Weights,Conv2,V2,224,0.054033,,,3,0.036272,789,3,NATIVE
Random Weights,Conv3,LOC,224,-0.006933,,,3,-0.003317,789,3,NATIVE
Random Weights,FC1,IT,224,0.00483,,,3,0.002834,789,3,NATIVE
Random Weights,Conv1,V1,32,0.060509,,,3,0.041553,1337,4,NATIVE
Random Weights,Conv1,V2,32,0.032143,,,3,0.021371,1337,4,NATIVE
Random Weights,Conv2,V1,32,0.08033,,,3,0.056021,1337,4,NATIVE
Random Weights,Conv2,V2,32,0.047188,,,3,0.031581,1337,4,NATIVE
Random Weights,Conv3,LOC,32,-0.002286,,,3,-0.000604,1337,4,NATIVE
Random Weights,FC1,IT,32,0.003948,,,3,0.002517,1337,4,NATIVE
Random Weights,Conv1,V1,64,0.064315,,,3,0.044308,1337,4,NATIVE
Random Weights,Conv1,V2,64,0.035538,,,3,0.023658,1337,4,NATIVE
Random Weights,Conv2,V1,64,0.083966,,,3,0.058583,1337,4,NATIVE
Random Weights,Conv2,V2,64,0.049817,,,3,0.033351,1337,4,NATIVE
Random Weights,Conv3,LOC,64,-0.003957,,,3,-0.001395,1337,4,NATIVE
Random Weights,FC1,IT,64,0.004746,,,3,0.002952,1337,4,NATIVE
Random Weights,Conv1,V1,96,0.066959,,,3,0.046198,1337,4,NATIVE
Random Weights,Conv1,V2,96,0.037772,,,3,0.025122,1337,4,NATIVE
Random Weights,Conv2,V1,96,0.086297,,,3,0.060198,1337,4,NATIVE
Random Weights,Conv2,V2,96,0.051736,,,3,0.034589,1337,4,NATIVE
Random Weights,Conv3,LOC,96,-0.004294,,,3,-0.001551,1337,4,NATIVE
Random Weights,FC1,IT,96,0.005518,,,3,0.003479,1337,4,NATIVE
Random Weights,Conv1,V1,128,0.06846,,,3,0.047289,1337,4,NATIVE
Random Weights,Conv1,V2,128,0.038888,,,3,0.025874,1337,4,NATIVE
Random Weights,Conv2,V1,128,0.087181,,,3,0.0608,1337,4,NATIVE
Random Weights,Conv2,V2,128,0.052462,,,3,0.035069,1337,4,NATIVE
Random Weights,Conv3,LOC,128,-0.004573,,,3,-0.001684,1337,4,NATIVE
Random Weights,FC1,IT,128,0.006257,,,3,0.003915,1337,4,NATIVE
Random Weights,Conv1,V1,160,0.069435,,,3,0.048002,1337,4,NATIVE
Random Weights,Conv1,V2,160,0.039608,,,3,0.02637,1337,4,NATIVE
Random Weights,Conv2,V1,160,0.087846,,,3,0.061275,1337,4,NATIVE
Random Weights,Conv2,V2,160,0.05299,,,3,0.035436,1337,4,NATIVE
Random Weights,Conv3,LOC,160,-0.004902,,,3,-0.001869,1337,4,NATIVE
Random Weights,FC1,IT,160,0.006402,,,3,0.004062,1337,4,NATIVE
Random Weights,Conv1,V1,224,0.070844,,,3,0.049018,1337,4,NATIVE
Random Weights,Conv1,V2,224,0.040628,,,3,0.027066,1337,4,NATIVE
Random Weights,Conv2,V1,224,0.0882,,,3,0.061528,1337,4,NATIVE
Random Weights,Conv2,V2,224,0.05346,,,3,0.035747,1337,4,NATIVE
Random Weights,Conv3,LOC,224,-0.005154,,,3,-0.001991,1337,4,NATIVE
Random Weights,FC1,IT,224,0.006801,,,3,0.004379,1337,4,NATIVE
Random Weights,Conv1,V1,32,0.070563,,,3,0.049303,42,0,UPSAMPLED
Random Weights,Conv1,V2,32,0.038778,,,3,0.025779,42,0,UPSAMPLED
Random Weights,Conv2,V1,32,0.073979,,,3,0.052345,42,0,UPSAMPLED
Random Weights,Conv2,V2,32,0.045058,,,3,0.030207,42,0,UPSAMPLED
Random Weights,Conv3,LOC,32,-0.004314,,,3,-0.001799,42,0,UPSAMPLED
Random Weights,FC1,IT,32,0.004205,,,3,0.002302,42,0,UPSAMPLED
Random Weights,Conv1,V1,64,0.076493,,,3,0.053607,42,0,UPSAMPLED
Random Weights,Conv1,V2,64,0.043993,,,3,0.029281,42,0,UPSAMPLED
Random Weights,Conv2,V1,64,0.078403,,,3,0.055351,42,0,UPSAMPLED
Random Weights,Conv2,V2,64,0.047179,,,3,0.031586,42,0,UPSAMPLED
Random Weights,Conv3,LOC,64,-0.006042,,,3,-0.002673,42,0,UPSAMPLED
Random Weights,FC1,IT,64,0.004524,,,3,0.002698,42,0,UPSAMPLED
Random Weights,Conv1,V1,96,0.078595,,,3,0.055104,42,0,UPSAMPLED
Random Weights,Conv1,V2,96,0.045665,,,3,0.030406,42,0,UPSAMPLED
Random Weights,Conv2,V1,96,0.081613,,,3,0.05758,42,0,UPSAMPLED
Random Weights,Conv2,V2,96,0.049279,,,3,0.032986,42,0,UPSAMPLED
Random Weights,Conv3,LOC,96,-0.006667,,,3,-0.003049,42,0,UPSAMPLED
Random Weights,FC1,IT,96,0.004545,,,3,0.002791,42,0,UPSAMPLED
Random Weights,Conv1,V1,128,0.07863,,,3,0.055141,42,0,UPSAMPLED
Random Weights,Conv1,V2,128,0.045858,,,3,0.030533,42,0,UPSAMPLED
Random Weights,Conv2,V1,128,0.081965,,,3,0.057808,42,0,UPSAMPLED
Random Weights,Conv2,V2,128,0.049497,,,3,0.033115,42,0,UPSAMPLED
Random Weights,Conv3,LOC,128,-0.006772,,,3,-0.003137,42,0,UPSAMPLED
Random Weights,FC1,IT,128,0.004322,,,3,0.002702,42,0,UPSAMPLED
Random Weights,Conv1,V1,160,0.079014,,,3,0.055418,42,0,UPSAMPLED
Random Weights,Conv1,V2,160,0.046176,,,3,0.030747,42,0,UPSAMPLED
Random Weights,Conv2,V1,160,0.082926,,,3,0.058467,42,0,UPSAMPLED
Random Weights,Conv2,V2,160,0.05013,,,3,0.033534,42,0,UPSAMPLED
Random Weights,Conv3,LOC,160,-0.006905,,,3,-0.003223,42,0,UPSAMPLED
Random Weights,FC1,IT,160,0.004165,,,3,0.00263,42,0,UPSAMPLED
Random Weights,Conv1,V1,224,0.078961,,,3,0.055385,42,0,UPSAMPLED
Random Weights,Conv1,V2,224,0.046209,,,3,0.030766,42,0,UPSAMPLED
Random Weights,Conv2,V1,224,0.083145,,,3,0.058607,42,0,UPSAMPLED
Random Weights,Conv2,V2,224,0.05027,,,3,0.033615,42,0,UPSAMPLED
Random Weights,Conv3,LOC,224,-0.006978,,,3,-0.003278,42,0,UPSAMPLED
Random Weights,FC1,IT,224,0.004002,,,3,0.002557,42,0,UPSAMPLED
Random Weights,Conv1,V1,32,0.05701,,,3,0.039235,123,1,UPSAMPLED
Random Weights,Conv1,V2,32,0.030798,,,3,0.02038,123,1,UPSAMPLED
Random Weights,Conv2,V1,32,0.080575,,,3,0.056198,123,1,UPSAMPLED
Random Weights,Conv2,V2,32,0.049166,,,3,0.032842,123,1,UPSAMPLED
Random Weights,Conv3,LOC,32,0.001717,,,3,0.001584,123,1,UPSAMPLED
Random Weights,FC1,IT,32,0.007472,,,3,0.004455,123,1,UPSAMPLED
Random Weights,Conv1,V1,64,0.057428,,,3,0.039636,123,1,UPSAMPLED
Random Weights,Conv1,V2,64,0.031499,,,3,0.020855,123,1,UPSAMPLED
Random Weights,Conv2,V1,64,0.070873,,,3,0.049405,123,1,UPSAMPLED
Random Weights,Conv2,V2,64,0.042701,,,3,0.02854,123,1,UPSAMPLED
Random Weights,Conv3,LOC,64,-0.000763,,,3,0.000247,123,1,UPSAMPLED
Random Weights,FC1,IT,64,0.006176,,,3,0.003948,123,1,UPSAMPLED
Random Weights,Conv1,V1,96,0.059112,,,3,0.040835,123,1,UPSAMPLED
Random Weights,Conv1,V2,96,0.032627,,,3,0.021603,123,1,UPSAMPLED
Random Weights,Conv2,V1,96,0.070273,,,3,0.048987,123,1,UPSAMPLED
Random Weights,Conv2,V2,96,0.042285,,,3,0.028255,123,1,UPSAMPLED
Random Weights,Conv3,LOC,96,-0.001925,,,3,-0.000415,123,1,UPSAMPLED
Random Weights,FC1,IT,96,0.005416,,,3,0.003538,123,1,UPSAMPLED
Random Weights,Conv1,V1,128,0.059033,,,3,0.040791,123,1,UPSAMPLED
Random Weights,Conv1,V2,128,0.032633,,,3,0.021602,123,1,UPSAMPLED
Random Weights,Conv2,V1,128,0.068674,,,3,0.047866,123,1,UPSAMPLED
Random Weights,Conv2,V2,128,0.041169,,,3,0.027492,123,1,UPSAMPLED
Random Weights,Conv3,LOC,128,-0.002445,,,3,-0.00072,123,1,UPSAMPLED
Random Weights,FC1,IT,128,0.004696,,,3,0.003057,123,1,UPSAMPLED
Random Weights,Conv1,V1,160,0.059548,,,3,0.041154,123,1,UPSAMPLED
Random Weights,Conv1,V2,160,0.032948,,,3,0.021808,123,1,UPSAMPLED
Random Weights,Conv2,V1,160,0.068447,,,3,0.047711,123,1,UPSAMPLED
Random Weights,Conv2,V2,160,0.041074,,,3,0.027423,123,1,UPSAMPLED
Random Weights,Conv3,LOC,160,-0.002855,,,3,-0.00096,123,1,UPSAMPLED
Random Weights,FC1,IT,160,0.00445,,,3,0.002908,123,1,UPSAMPLED
Random Weights,Conv1,V1,224,0.059651,,,3,0.041227,123,1,UPSAMPLED
Random Weights,Conv1,V2,224,0.032997,,,3,0.021837,123,1,UPSAMPLED
Random Weights,Conv2,V1,224,0.067747,,,3,0.047216,123,1,UPSAMPLED
Random Weights,Conv2,V2,224,0.040563,,,3,0.027068,123,1,UPSAMPLED
Random Weights,Conv3,LOC,224,-0.003263,,,3,-0.001199,123,1,UPSAMPLED
Random Weights,FC1,IT,224,0.004155,,,3,0.002734,123,1,UPSAMPLED
Random Weights,Conv1,V1,32,0.067057,,,3,0.046539,456,2,UPSAMPLED
Random Weights,Conv1,V2,32,0.035473,,,3,0.023525,456,2,UPSAMPLED
Random Weights,Conv2,V1,32,0.086247,,,3,0.060826,456,2,UPSAMPLED
Random Weights,Conv2,V2,32,0.052194,,,3,0.034916,456,2,UPSAMPLED
Random Weights,Conv3,LOC,32,0.000559,,,3,0.001116,456,2,UPSAMPLED
Random Weights,FC1,IT,32,0.009119,,,3,0.00573,456,2,UPSAMPLED
Random Weights,Conv1,V1,64,0.072719,,,3,0.050646,456,2,UPSAMPLED
Random Weights,Conv1,V2,64,0.04038,,,3,0.026818,456,2,UPSAMPLED
Random Weights,Conv2,V1,64,0.085585,,,3,0.060135,456,2,UPSAMPLED
Random Weights,Conv2,V2,64,0.050984,,,3,0.034013,456,2,UPSAMPLED
Random Weights,Conv3,LOC,64,-0.000846,,,3,0.000352,456,2,UPSAMPLED
Random Weights,FC1,IT,64,0.009432,,,3,0.005805,456,2,UPSAMPLED
Random Weights,Conv1,V1,96,0.075331,,,3,0.052517,456,2,UPSAMPLED
Random Weights,Conv1,V2,96,0.042406,,,3,0.028184,456,2,UPSAMPLED
Random Weights,Conv2,V1,96,0.086962,,,3,0.061061,456,2,UPSAMPLED
Random Weights,Conv2,V2,96,0.051966,,,3,0.034661,456,2,UPSAMPLED
Random Weights,Conv3,LOC,96,-0.001043,,,3,0.000275,456,2,UPSAMPLED
Random Weights,FC1,IT,96,0.009982,,,3,0.006154,456,2,UPSAMPLED
Random Weights,Conv1,V1,128,0.075717,,,3,0.052798,456,2,UPSAMPLED
Random Weights,Conv1,V2,128,0.042824,,,3,0.028463,456,2,UPSAMPLED
Random Weights,Conv2,V1,128,0.086628,,,3,0.060792,456,2,UPSAMPLED
Random Weights,Conv2,V2,128,0.051837,,,3,0.034562,456,2,UPSAMPLED
Random Weights,Conv3,LOC,128,-0.001265,,,3,0.000154,456,2,UPSAMPLED
Random Weights,FC1,IT,128,0.009942,,,3,0.006131,456,2,UPSAMPLED
Random Weights,Conv1,V1,160,0.076215,,,3,0.053154,456,2,UPSAMPLED
Random Weights,Conv1,V2,160,0.043192,,,3,0.02871,456,2,UPSAMPLED
Random Weights,Conv2,V1,160,0.087275,,,3,0.061222,456,2,UPSAMPLED
Random Weights,Conv2,V2,160,0.052298,,,3,0.034858,456,2,UPSAMPLED
Random Weights,Conv3,LOC,160,-0.001308,,,3,0.000125,456,2,UPSAMPLED
Random Weights,FC1,IT,160,0.0101,,,3,0.006238,456,2,UPSAMPLED
Random Weights,Conv1,V1,224,0.076362,,,3,0.053261,456,2,UPSAMPLED
Random Weights,Conv1,V2,224,0.04334,,,3,0.028808,456,2,UPSAMPLED
Random Weights,Conv2,V1,224,0.087351,,,3,0.061249,456,2,UPSAMPLED
Random Weights,Conv2,V2,224,0.052384,,,3,0.034903,456,2,UPSAMPLED
Random Weights,Conv3,LOC,224,-0.001412,,,3,6.8e-05,456,2,UPSAMPLED
Random Weights,FC1,IT,224,0.009864,,,3,0.006101,456,2,UPSAMPLED
Random Weights,Conv1,V1,32,0.067322,,,3,0.046956,789,3,UPSAMPLED
Random Weights,Conv1,V2,32,0.035308,,,3,0.023625,789,3,UPSAMPLED
Random Weights,Conv2,V1,32,0.078416,,,3,0.055342,789,3,UPSAMPLED
Random Weights,Conv2,V2,32,0.045278,,,3,0.03046,789,3,UPSAMPLED
Random Weights,Conv3,LOC,32,-0.003332,,,3,-0.001307,789,3,UPSAMPLED
Random Weights,FC1,IT,32,0.003,,,3,0.001442,789,3,UPSAMPLED
Random Weights,Conv1,V1,64,0.072369,,,3,0.050578,789,3,UPSAMPLED
Random Weights,Conv1,V2,64,0.039791,,,3,0.026626,789,3,UPSAMPLED
Random Weights,Conv2,V1,64,0.078729,,,3,0.055526,789,3,UPSAMPLED
Random Weights,Conv2,V2,64,0.045121,,,3,0.030371,789,3,UPSAMPLED
Random Weights,Conv3,LOC,64,-0.004954,,,3,-0.00223,789,3,UPSAMPLED
Random Weights,FC1,IT,64,0.002471,,,3,0.000982,789,3,UPSAMPLED
Random Weights,Conv1,V1,96,0.074718,,,3,0.052236,789,3,UPSAMPLED
Random Weights,Conv1,V2,96,0.041633,,,3,0.027853,789,3,UPSAMPLED
Random Weights,Conv2,V1,96,0.080299,,,3,0.056584,789,3,UPSAMPLED
Random Weights,Conv2,V2,96,0.046297,,,3,0.03113,789,3,UPSAMPLED
Random Weights,Conv3,LOC,96,-0.005621,,,3,-0.002633,789,3,UPSAMPLED
Random Weights,FC1,IT,96,0.002919,,,3,0.001339,789,3,UPSAMPLED
Random Weights,Conv1,V1,128,0.074797,,,3,0.052289,789,3,UPSAMPLED
Random Weights,Conv1,V2,128,0.04184,,,3,0.027983,789,3,UPSAMPLED
Random Weights,Conv2,V1,128,0.08009,,,3,0.056398,789,3,UPSAMPLED
Random Weights,Conv2,V2,128,0.046235,,,3,0.031066,789,3,UPSAMPLED
Random Weights,Conv3,LOC,128,-0.005844,,,3,-0.002772,789,3,UPSAMPLED
Random Weights,FC1,IT,128,0.003078,,,3,0.001449,789,3,UPSAMPLED
Random Weights,Conv1,V1,160,0.075234,,,3,0.052598,789,3,UPSAMPLED
Random Weights,Conv1,V2,160,0.042171,,,3,0.028202,789,3,UPSAMPLED
Random Weights,Conv2,V1,160,0.080553,,,3,0.0567,789,3,UPSAMPLED
Random Weights,Conv2,V2,160,0.046605,,,3,0.031298,789,3,UPSAMPLED
Random Weights,Conv3,LOC,160,-0.006081,,,3,-0.002908,789,3,UPSAMPLED
Random Weights,FC1,IT,160,0.003226,,,3,0.001556,789,3,UPSAMPLED
Random Weights,Conv1,V1,224,0.075265,,,3,0.052619,789,3,UPSAMPLED
Random Weights,Conv1,V2,224,0.042245,,,3,0.028247,789,3,UPSAMPLED
Random Weights,Conv2,V1,224,0.080464,,,3,0.056613,789,3,UPSAMPLED
Random Weights,Conv2,V2,224,0.046607,,,3,0.031281,789,3,UPSAMPLED
Random Weights,Conv3,LOC,224,-0.006182,,,3,-0.002974,789,3,UPSAMPLED
Random Weights,FC1,IT,224,0.003412,,,3,0.001698,789,3,UPSAMPLED
Random Weights,Conv1,V1,32,0.060509,,,3,0.041553,1337,4,UPSAMPLED
Random Weights,Conv1,V2,32,0.032143,,,3,0.021371,1337,4,UPSAMPLED
Random Weights,Conv2,V1,32,0.08033,,,3,0.056021,1337,4,UPSAMPLED
Random Weights,Conv2,V2,32,0.047188,,,3,0.031581,1337,4,UPSAMPLED
Random Weights,Conv3,LOC,32,-0.002286,,,3,-0.000604,1337,4,UPSAMPLED
Random Weights,FC1,IT,32,0.003948,,,3,0.002517,1337,4,UPSAMPLED
Random Weights,Conv1,V1,64,0.064071,,,3,0.044198,1337,4,UPSAMPLED
Random Weights,Conv1,V2,64,0.035586,,,3,0.023685,1337,4,UPSAMPLED
Random Weights,Conv2,V1,64,0.072544,,,3,0.050555,1337,4,UPSAMPLED
Random Weights,Conv2,V2,64,0.042401,,,3,0.028408,1337,4,UPSAMPLED
Random Weights,Conv3,LOC,64,-0.003781,,,3,-0.001274,1337,4,UPSAMPLED
Random Weights,FC1,IT,64,0.003973,,,3,0.002363,1337,4,UPSAMPLED
Random Weights,Conv1,V1,96,0.066509,,,3,0.045933,1337,4,UPSAMPLED
Random Weights,Conv1,V2,96,0.037363,,,3,0.02487,1337,4,UPSAMPLED
Random Weights,Conv2,V1,96,0.072626,,,3,0.050608,1337,4,UPSAMPLED
Random Weights,Conv2,V2,96,0.042635,,,3,0.02856,1337,4,UPSAMPLED
Random Weights,Conv3,LOC,96,-0.004193,,,3,-0.001492,1337,4,UPSAMPLED
Random Weights,FC1,IT,96,0.003784,,,3,0.002349,1337,4,UPSAMPLED
Random Weights,Conv1,V1,128,0.066712,,,3,0.046084,1337,4,UPSAMPLED
Random Weights,Conv1,V2,128,0.037593,,,3,0.02502,1337,4,UPSAMPLED
Random Weights,Conv2,V1,128,0.070735,,,3,0.049266,1337,4,UPSAMPLED
Random Weights,Conv2,V2,128,0.041547,,,3,0.027825,1337,4,UPSAMPLED
Random Weights,Conv3,LOC,128,-0.004446,,,3,-0.001645,1337,4,UPSAMPLED
Random Weights,FC1,IT,128,0.00335,,,3,0.002109,1337,4,UPSAMPLED
Random Weights,Conv1,V1,160,0.067316,,,3,0.046514,1337,4,UPSAMPLED
Random Weights,Conv1,V2,160,0.038011,,,3,0.025298,1337,4,UPSAMPLED
Random Weights,Conv2,V1,160,0.071106,,,3,0.049522,1337,4,UPSAMPLED
Random Weights,Conv2,V2,160,0.041819,,,3,0.028006,1337,4,UPSAMPLED
Random Weights,Conv3,LOC,160,-0.004609,,,3,-0.001734,1337,4,UPSAMPLED
Random Weights,FC1,IT,160,0.003158,,,3,0.002028,1337,4,UPSAMPLED
Random Weights,Conv1,V1,224,0.067499,,,3,0.046644,1337,4,UPSAMPLED
Random Weights,Conv1,V2,224,0.038143,,,3,0.025382,1337,4,UPSAMPLED
Random Weights,Conv2,V1,224,0.070397,,,3,0.049013,1337,4,UPSAMPLED
Random Weights,Conv2,V2,224,0.041431,,,3,0.027737,1337,4,UPSAMPLED
Random Weights,Conv3,LOC,224,-0.004726,,,3,-0.001811,1337,4,UPSAMPLED
Random Weights,FC1,IT,224,0.002868,,,3,0.001863,1337,4,UPSAMPLED
STDP,Conv1,V1,32,0.063968,,,3,0.044036,42,0,NATIVE
STDP,Conv1,V2,32,0.038955,,,3,0.02544,42,0,NATIVE
STDP,Conv2,V1,32,0.045886,,,3,0.031437,42,0,NATIVE
STDP,Conv2,V2,32,0.027708,,,3,0.018047,42,0,NATIVE
STDP,Conv3,LOC,32,0.004276,,,3,0.003119,42,0,NATIVE
STDP,FC1,IT,32,0.012527,,,3,0.00741,42,0,NATIVE
STDP,Conv1,V1,64,0.058065,,,3,0.039827,42,0,NATIVE
STDP,Conv1,V2,64,0.034122,,,3,0.022245,42,0,NATIVE
STDP,Conv2,V1,64,0.037569,,,3,0.025716,42,0,NATIVE
STDP,Conv2,V2,64,0.022138,,,3,0.014606,42,0,NATIVE
STDP,Conv3,LOC,64,0.005381,,,3,0.003512,42,0,NATIVE
STDP,FC1,IT,64,0.015804,,,3,0.009496,42,0,NATIVE
STDP,Conv1,V1,96,0.052563,,,3,0.035982,42,0,NATIVE
STDP,Conv1,V2,96,0.030234,,,3,0.019721,42,0,NATIVE
STDP,Conv2,V1,96,0.033624,,,3,0.022935,42,0,NATIVE
STDP,Conv2,V2,96,0.02038,,,3,0.013474,42,0,NATIVE
STDP,Conv3,LOC,96,0.005363,,,3,0.003413,42,0,NATIVE
STDP,FC1,IT,96,0.016558,,,3,0.009975,42,0,NATIVE
STDP,Conv1,V1,128,0.048708,,,3,0.033284,42,0,NATIVE
STDP,Conv1,V2,128,0.027736,,,3,0.018083,42,0,NATIVE
STDP,Conv2,V1,128,0.030184,,,3,0.02055,42,0,NATIVE
STDP,Conv2,V2,128,0.018569,,,3,0.01232,42,0,NATIVE
STDP,Conv3,LOC,128,0.004924,,,3,0.003131,42,0,NATIVE
STDP,FC1,IT,128,0.016307,,,3,0.009938,42,0,NATIVE
STDP,Conv1,V1,160,0.04644,,,3,0.031729,42,0,NATIVE
STDP,Conv1,V2,160,0.026319,,,3,0.017169,42,0,NATIVE
STDP,Conv2,V1,160,0.028531,,,3,0.019419,42,0,NATIVE
STDP,Conv2,V2,160,0.017876,,,3,0.011893,42,0,NATIVE
STDP,Conv3,LOC,160,0.004743,,,3,0.003017,42,0,NATIVE
STDP,FC1,IT,160,0.016256,,,3,0.009969,42,0,NATIVE
STDP,Conv1,V1,224,0.042777,,,3,0.029225,42,0,NATIVE
STDP,Conv1,V2,224,0.024104,,,3,0.015737,42,0,NATIVE
STDP,Conv2,V1,224,0.025899,,,3,0.017695,42,0,NATIVE
STDP,Conv2,V2,224,0.016615,,,3,0.011134,42,0,NATIVE
STDP,Conv3,LOC,224,0.004243,,,3,0.002772,42,0,NATIVE
STDP,FC1,IT,224,0.014917,,,3,0.009192,42,0,NATIVE
STDP,Conv1,V1,32,0.060601,,,3,0.041168,123,1,NATIVE
STDP,Conv1,V2,32,0.039665,,,3,0.026167,123,1,NATIVE
STDP,Conv2,V1,32,0.066074,,,3,0.044348,123,1,NATIVE
STDP,Conv2,V2,32,0.042105,,,3,0.027851,123,1,NATIVE
STDP,Conv3,LOC,32,0.004531,,,3,0.0032,123,1,NATIVE
STDP,FC1,IT,32,0.013539,,,3,0.008722,123,1,NATIVE
STDP,Conv1,V1,64,0.052848,,,3,0.03569,123,1,NATIVE
STDP,Conv1,V2,64,0.033472,,,3,0.022072,123,1,NATIVE
STDP,Conv2,V1,64,0.0543,,,3,0.036151,123,1,NATIVE
STDP,Conv2,V2,64,0.032151,,,3,0.021602,123,1,NATIVE
STDP,Conv3,LOC,64,0.00547,,,3,0.003643,123,1,NATIVE
STDP,FC1,IT,64,0.017703,,,3,0.011077,123,1,NATIVE
STDP,Conv1,V1,96,0.048115,,,3,0.032373,123,1,NATIVE
STDP,Conv1,V2,96,0.029902,,,3,0.019735,123,1,NATIVE
STDP,Conv2,V1,96,0.048055,,,3,0.031815,123,1,NATIVE
STDP,Conv2,V2,96,0.027403,,,3,0.018605,123,1,NATIVE
STDP,Conv3,LOC,96,0.006252,,,3,0.004147,123,1,NATIVE
STDP,FC1,IT,96,0.01613,,,3,0.01014,123,1,NATIVE
STDP,Conv1,V1,128,0.044923,,,3,0.030167,123,1,NATIVE
STDP,Conv1,V2,128,0.027721,,,3,0.018305,123,1,NATIVE
STDP,Conv2,V1,128,0.043409,,,3,0.028612,123,1,NATIVE
STDP,Conv2,V2,128,0.024569,,,3,0.016737,123,1,NATIVE
STDP,Conv3,LOC,128,0.006224,,,3,0.004123,123,1,NATIVE
STDP,FC1,IT,128,0.015438,,,3,0.009714,123,1,NATIVE
STDP,Conv1,V1,160,0.043097,,,3,0.028935,123,1,NATIVE
STDP,Conv1,V2,160,0.026471,,,3,0.017504,123,1,NATIVE
STDP,Conv2,V1,160,0.040737,,,3,0.026782,123,1,NATIVE
STDP,Conv2,V2,160,0.022765,,,3,0.015572,123,1,NATIVE
STDP,Conv3,LOC,160,0.00588,,,3,0.003941,123,1,NATIVE
STDP,FC1,IT,160,0.0152,,,3,0.009454,123,1,NATIVE
STDP,Conv1,V1,224,0.039927,,,3,0.026814,123,1,NATIVE
STDP,Conv1,V2,224,0.024298,,,3,0.016117,123,1,NATIVE
STDP,Conv2,V1,224,0.035813,,,3,0.023477,123,1,NATIVE
STDP,Conv2,V2,224,0.019528,,,3,0.013479,123,1,NATIVE
STDP,Conv3,LOC,224,0.00512,,,3,0.003506,123,1,NATIVE
STDP,FC1,IT,224,0.014504,,,3,0.009008,123,1,NATIVE
STDP,Conv1,V1,32,0.055015,,,3,0.037461,456,2,NATIVE
STDP,Conv1,V2,32,0.031315,,,3,0.020764,456,2,NATIVE
STDP,Conv2,V1,32,0.059608,,,3,0.040665,456,2,NATIVE
STDP,Conv2,V2,32,0.036563,,,3,0.024062,456,2,NATIVE
STDP,Conv3,LOC,32,0.005351,,,3,0.003884,456,2,NATIVE
STDP,FC1,IT,32,0.01258,,,3,0.007509,456,2,NATIVE
STDP,Conv1,V1,64,0.045822,,,3,0.031071,456,2,NATIVE
STDP,Conv1,V2,64,0.025046,,,3,0.016709,456,2,NATIVE
STDP,Conv2,V1,64,0.049796,,,3,0.033747,456,2,NATIVE
STDP,Conv2,V2,64,0.029199,,,3,0.019267,456,2,NATIVE
STDP,Conv3,LOC,64,0.006645,,,3,0.004389,456,2,NATIVE
STDP,FC1,IT,64,0.013822,,,3,0.008549,456,2,NATIVE
STDP,Conv1,V1,96,0.040256,,,3,0.027215,456,2,NATIVE
STDP,Conv1,V2,96,0.021372,,,3,0.01434,456,2,NATIVE
STDP,Conv2,V1,96,0.044673,,,3,0.030164,456,2,NATIVE
STDP,Conv2,V2,96,0.025706,,,3,0.017045,456,2,NATIVE
STDP,Conv3,LOC,96,0.006248,,,3,0.004139,456,2,NATIVE
STDP,FC1,IT,96,0.013794,,,3,0.00838,456,2,NATIVE
STDP,Conv1,V1,128,0.036538,,,3,0.02467,456,2,NATIVE
STDP,Conv1,V2,128,0.018995,,,3,0.012807,456,2,NATIVE
STDP,Conv2,V1,128,0.040941,,,3,0.027605,456,2,NATIVE
STDP,Conv2,V2,128,0.023647,,,3,0.015691,456,2,NATIVE
STDP,Conv3,LOC,128,0.005923,,,3,0.003911,456,2,NATIVE
STDP,FC1,IT,128,0.012143,,,3,0.0073,456,2,NATIVE
STDP,Conv1,V1,160,0.034227,,,3,0.023102,456,2,NATIVE
STDP,Conv1,V2,160,0.017549,,,3,0.011882,456,2,NATIVE
STDP,Conv2,V1,160,0.038899,,,3,0.026216,456,2,NATIVE
STDP,Conv2,V2,160,0.022466,,,3,0.014925,456,2,NATIVE
STDP,Conv3,LOC,160,0.006269,,,3,0.004134,456,2,NATIVE
STDP,FC1,IT,160,0.010755,,,3,0.00636,456,2,NATIVE
STDP,Conv1,V1,224,0.030778,,,3,0.020777,456,2,NATIVE
STDP,Conv1,V2,224,0.015512,,,3,0.010575,456,2,NATIVE
STDP,Conv2,V1,224,0.035878,,,3,0.024214,456,2,NATIVE
STDP,Conv2,V2,224,0.02086,,,3,0.013906,456,2,NATIVE
STDP,Conv3,LOC,224,0.0065,,,3,0.004346,456,2,NATIVE
STDP,FC1,IT,224,0.009409,,,3,0.005552,456,2,NATIVE
STDP,Conv1,V1,32,0.057315,,,3,0.039116,789,3,NATIVE
STDP,Conv1,V2,32,0.032338,,,3,0.021334,789,3,NATIVE
STDP,Conv2,V1,32,0.063669,,,3,0.043544,789,3,NATIVE
STDP,Conv2,V2,32,0.03748,,,3,0.024833,789,3,NATIVE
STDP,Conv3,LOC,32,0.007956,,,3,0.00527,789,3,NATIVE
STDP,FC1,IT,32,0.013071,,,3,0.008463,789,3,NATIVE
STDP,Conv1,V1,64,0.049655,,,3,0.033746,789,3,NATIVE
STDP,Conv1,V2,64,0.026836,,,3,0.017767,789,3,NATIVE
STDP,Conv2,V1,64,0.0569,,,3,0.038763,789,3,NATIVE
STDP,Conv2,V2,64,0.03198,,,3,0.021235,789,3,NATIVE
STDP,Conv3,LOC,64,0.008383,,,3,0.005215,789,3,NATIVE
STDP,FC1,IT,64,0.01247,,,3,0.008031,789,3,NATIVE
STDP,Conv1,V1,96,0.045724,,,3,0.031009,789,3,NATIVE
STDP,Conv1,V2,96,0.024599,,,3,0.016294,789,3,NATIVE
STDP,Conv2,V1,96,0.053664,,,3,0.036482,789,3,NATIVE
STDP,Conv2,V2,96,0.029788,,,3,0.019803,789,3,NATIVE
STDP,Conv3,LOC,96,0.009683,,,3,0.005928,789,3,NATIVE
STDP,FC1,IT,96,0.013303,,,3,0.008516,789,3,NATIVE
STDP,Conv1,V1,128,0.043692,,,3,0.029621,789,3,NATIVE
STDP,Conv1,V2,128,0.02354,,,3,0.01559,789,3,NATIVE
STDP,Conv2,V1,128,0.051597,,,3,0.03505,789,3,NATIVE
STDP,Conv2,V2,128,0.028502,,,3,0.018954,789,3,NATIVE
STDP,Conv3,LOC,128,0.009609,,,3,0.005873,789,3,NATIVE
STDP,FC1,IT,128,0.013438,,,3,0.008412,789,3,NATIVE
STDP,Conv1,V1,160,0.042613,,,3,0.028912,789,3,NATIVE
STDP,Conv1,V2,160,0.023019,,,3,0.015256,789,3,NATIVE
STDP,Conv2,V1,160,0.050235,,,3,0.034127,789,3,NATIVE
STDP,Conv2,V2,160,0.027606,,,3,0.01838,789,3,NATIVE
STDP,Conv3,LOC,160,0.009323,,,3,0.005727,789,3,NATIVE
STDP,FC1,IT,160,0.0126,,,3,0.007937,789,3,NATIVE
STDP,Conv1,V1,224,0.041045,,,3,0.027893,789,3,NATIVE
STDP,Conv1,V2,224,0.022269,,,3,0.01479,789,3,NATIVE
STDP,Conv2,V1,224,0.047812,,,3,0.032529,789,3,NATIVE
STDP,Conv2,V2,224,0.026238,,,3,0.017523,789,3,NATIVE
STDP,Conv3,LOC,224,0.008902,,,3,0.005503,789,3,NATIVE
STDP,FC1,IT,224,0.0117,,,3,0.007159,789,3,NATIVE
STDP,Conv1,V1,32,0.059156,,,3,0.040347,1337,4,NATIVE
STDP,Conv1,V2,32,0.034879,,,3,0.023181,1337,4,NATIVE
STDP,Conv2,V1,32,0.067373,,,3,0.045874,1337,4,NATIVE
STDP,Conv2,V2,32,0.040727,,,3,0.026936,1337,4,NATIVE
STDP,Conv3,LOC,32,0.003747,,,3,0.002897,1337,4,NATIVE
STDP,FC1,IT,32,0.016663,,,3,0.010564,1337,4,NATIVE
STDP,Conv1,V1,64,0.049945,,,3,0.033893,1337,4,NATIVE
STDP,Conv1,V2,64,0.028775,,,3,0.019176,1337,4,NATIVE
STDP,Conv2,V1,64,0.058657,,,3,0.03982,1337,4,NATIVE
STDP,Conv2,V2,64,0.034221,,,3,0.022615,1337,4,NATIVE
STDP,Conv3,LOC,64,0.004508,,,3,0.002972,1337,4,NATIVE
STDP,FC1,IT,64,0.018119,,,3,0.011409,1337,4,NATIVE
STDP,Conv1,V1,96,0.043182,,,3,0.029197,1337,4,NATIVE
STDP,Conv1,V2,96,0.024504,,,3,0.016392,1337,4,NATIVE
STDP,Conv2,V1,96,0.053238,,,3,0.036082,1337,4,NATIVE
STDP,Conv2,V2,96,0.030919,,,3,0.020449,1337,4,NATIVE
STDP,Conv3,LOC,96,0.004804,,,3,0.00307,1337,4,NATIVE
STDP,FC1,IT,96,0.018821,,,3,0.011568,1337,4,NATIVE
STDP,Conv1,V1,128,0.03882,,,3,0.026182,1337,4,NATIVE
STDP,Conv1,V2,128,0.021874,,,3,0.014681,1337,4,NATIVE
STDP,Conv2,V1,128,0.049381,,,3,0.033451,1337,4,NATIVE
STDP,Conv2,V2,128,0.028661,,,3,0.019002,1337,4,NATIVE
STDP,Conv3,LOC,128,0.004863,,,3,0.003094,1337,4,NATIVE
STDP,FC1,IT,128,0.017787,,,3,0.010968,1337,4,NATIVE
STDP,Conv1,V1,160,0.036061,,,3,0.024291,1337,4,NATIVE
STDP,Conv1,V2,160,0.020179,,,3,0.01358,1337,4,NATIVE
STDP,Conv2,V1,160,0.046926,,,3,0.031798,1337,4,NATIVE
STDP,Conv2,V2,160,0.027155,,,3,0.018044,1337,4,NATIVE
STDP,Conv3,LOC,160,0.004466,,,3,0.00282,1337,4,NATIVE
STDP,FC1,IT,160,0.016437,,,3,0.010183,1337,4,NATIVE
STDP,Conv1,V1,224,0.031566,,,3,0.021237,1337,4,NATIVE
STDP,Conv1,V2,224,0.017471,,,3,0.011836,1337,4,NATIVE
STDP,Conv2,V1,224,0.043148,,,3,0.029278,1337,4,NATIVE
STDP,Conv2,V2,224,0.02523,,,3,0.016817,1337,4,NATIVE
STDP,Conv3,LOC,224,0.003978,,,3,0.002537,1337,4,NATIVE
STDP,FC1,IT,224,0.014939,,,3,0.009286,1337,4,NATIVE
STDP,Conv1,V1,32,0.063968,,,3,0.044036,42,0,UPSAMPLED
STDP,Conv1,V2,32,0.038955,,,3,0.02544,42,0,UPSAMPLED
STDP,Conv2,V1,32,0.045886,,,3,0.031437,42,0,UPSAMPLED
STDP,Conv2,V2,32,0.027708,,,3,0.018047,42,0,UPSAMPLED
STDP,Conv3,LOC,32,0.004276,,,3,0.003119,42,0,UPSAMPLED
STDP,FC1,IT,32,0.012527,,,3,0.00741,42,0,UPSAMPLED
STDP,Conv1,V1,64,0.024998,,,3,0.017104,42,0,UPSAMPLED
STDP,Conv1,V2,64,0.012613,,,3,0.008263,42,0,UPSAMPLED
STDP,Conv2,V1,64,0.016226,,,3,0.011341,42,0,UPSAMPLED
STDP,Conv2,V2,64,0.012014,,,3,0.008247,42,0,UPSAMPLED
STDP,Conv3,LOC,64,0.001596,,,3,0.001609,42,0,UPSAMPLED
STDP,FC1,IT,64,0.009042,,,3,0.005176,42,0,UPSAMPLED
STDP,Conv1,V1,96,0.023009,,,3,0.01575,42,0,UPSAMPLED
STDP,Conv1,V2,96,0.011579,,,3,0.007609,42,0,UPSAMPLED
STDP,Conv2,V1,96,0.017263,,,3,0.012116,42,0,UPSAMPLED
STDP,Conv2,V2,96,0.013944,,,3,0.009541,42,0,UPSAMPLED
STDP,Conv3,LOC,96,0.00126,,,3,0.001415,42,0,UPSAMPLED
STDP,FC1,IT,96,0.00949,,,3,0.005422,42,0,UPSAMPLED
STDP,Conv1,V1,128,0.022475,,,3,0.015395,42,0,UPSAMPLED
STDP,Conv1,V2,128,0.011584,,,3,0.007621,42,0,UPSAMPLED
STDP,Conv2,V1,128,0.017113,,,3,0.011995,42,0,UPSAMPLED
STDP,Conv2,V2,128,0.014695,,,3,0.010006,42,0,UPSAMPLED
STDP,Conv3,LOC,128,0.000895,,,3,0.001253,42,0,UPSAMPLED
STDP,FC1,IT,128,0.009969,,,3,0.005785,42,0,UPSAMPLED
STDP,Conv1,V1,160,0.023119,,,3,0.01584,42,0,UPSAMPLED
STDP,Conv1,V2,160,0.012012,,,3,0.007903,42,0,UPSAMPLED
STDP,Conv2,V1,160,0.016869,,,3,0.011825,42,0,UPSAMPLED
STDP,Conv2,V2,160,0.014743,,,3,0.010022,42,0,UPSAMPLED
STDP,Conv3,LOC,160,0.000914,,,3,0.001263,42,0,UPSAMPLED
STDP,FC1,IT,160,0.00979,,,3,0.005707,42,0,UPSAMPLED
STDP,Conv1,V1,224,0.023527,,,3,0.016128,42,0,UPSAMPLED
STDP,Conv1,V2,224,0.012382,,,3,0.008147,42,0,UPSAMPLED
STDP,Conv2,V1,224,0.016507,,,3,0.011558,42,0,UPSAMPLED
STDP,Conv2,V2,224,0.014846,,,3,0.010056,42,0,UPSAMPLED
STDP,Conv3,LOC,224,0.001054,,,3,0.001352,42,0,UPSAMPLED
STDP,FC1,IT,224,0.009799,,,3,0.005753,42,0,UPSAMPLED
STDP,Conv1,V1,32,0.060601,,,3,0.041168,123,1,UPSAMPLED
STDP,Conv1,V2,32,0.039665,,,3,0.026167,123,1,UPSAMPLED
STDP,Conv2,V1,32,0.066074,,,3,0.044348,123,1,UPSAMPLED
STDP,Conv2,V2,32,0.042105,,,3,0.027851,123,1,UPSAMPLED
STDP,Conv3,LOC,32,0.004531,,,3,0.0032,123,1,UPSAMPLED
STDP,FC1,IT,32,0.013539,,,3,0.008722,123,1,UPSAMPLED
STDP,Conv1,V1,64,0.031922,,,3,0.021483,123,1,UPSAMPLED
STDP,Conv1,V2,64,0.019171,,,3,0.012755,123,1,UPSAMPLED
STDP,Conv2,V1,64,0.028142,,,3,0.018358,123,1,UPSAMPLED
STDP,Conv2,V2,64,0.017306,,,3,0.012027,123,1,UPSAMPLED
STDP,Conv3,LOC,64,0.000339,,,3,0.000858,123,1,UPSAMPLED
STDP,FC1,IT,64,0.011739,,,3,0.006974,123,1,UPSAMPLED
STDP,Conv1,V1,96,0.028057,,,3,0.018879,123,1,UPSAMPLED
STDP,Conv1,V2,96,0.015992,,,3,0.010686,123,1,UPSAMPLED
STDP,Conv2,V1,96,0.023311,,,3,0.015073,123,1,UPSAMPLED
STDP,Conv2,V2,96,0.014148,,,3,0.009975,123,1,UPSAMPLED
STDP,Conv3,LOC,96,0.000123,,,3,0.000812,123,1,UPSAMPLED
STDP,FC1,IT,96,0.011696,,,3,0.006916,123,1,UPSAMPLED
STDP,Conv1,V1,128,0.025549,,,3,0.017212,123,1,UPSAMPLED
STDP,Conv1,V2,128,0.014241,,,3,0.009561,123,1,UPSAMPLED
STDP,Conv2,V1,128,0.02,,,3,0.012875,123,1,UPSAMPLED
STDP,Conv2,V2,128,0.012391,,,3,0.008827,123,1,UPSAMPLED
STDP,Conv3,LOC,128,-0.00063,,,3,0.000386,123,1,UPSAMPLED
STDP,FC1,IT,128,0.010942,,,3,0.006447,123,1,UPSAMPLED
STDP,Conv1,V1,160,0.025416,,,3,0.017138,123,1,UPSAMPLED
STDP,Conv1,V2,160,0.014049,,,3,0.00944,123,1,UPSAMPLED
STDP,Conv2,V1,160,0.018173,,,3,0.011662,123,1,UPSAMPLED
STDP,Conv2,V2,160,0.011294,,,3,0.008124,123,1,UPSAMPLED
STDP,Conv3,LOC,160,-0.001075,,,3,0.00013,123,1,UPSAMPLED
STDP,FC1,IT,160,0.010723,,,3,0.006382,123,1,UPSAMPLED
STDP,Conv1,V1,224,0.02481,,,3,0.016748,123,1,UPSAMPLED
STDP,Conv1,V2,224,0.013587,,,3,0.009147,123,1,UPSAMPLED
STDP,Conv2,V1,224,0.016141,,,3,0.010329,123,1,UPSAMPLED
STDP,Conv2,V2,224,0.010202,,,3,0.007405,123,1,UPSAMPLED
STDP,Conv3,LOC,224,-0.001449,,,3,-7.9e-05,123,1,UPSAMPLED
STDP,FC1,IT,224,0.010493,,,3,0.006268,123,1,UPSAMPLED
STDP,Conv1,V1,32,0.055015,,,3,0.037461,456,2,UPSAMPLED
STDP,Conv1,V2,32,0.031315,,,3,0.020764,456,2,UPSAMPLED
STDP,Conv2,V1,32,0.059608,,,3,0.040665,456,2,UPSAMPLED
STDP,Conv2,V2,32,0.036563,,,3,0.024062,456,2,UPSAMPLED
STDP,Conv3,LOC,32,0.005351,,,3,0.003884,456,2,UPSAMPLED
STDP,FC1,IT,32,0.01258,,,3,0.007509,456,2,UPSAMPLED
STDP,Conv1,V1,64,0.028021,,,3,0.018835,456,2,UPSAMPLED
STDP,Conv1,V2,64,0.013297,,,3,0.009077,456,2,UPSAMPLED
STDP,Conv2,V1,64,0.038395,,,3,0.025923,456,2,UPSAMPLED
STDP,Conv2,V2,64,0.023342,,,3,0.015565,456,2,UPSAMPLED
STDP,Conv3,LOC,64,0.002873,,,3,0.002703,456,2,UPSAMPLED
STDP,FC1,IT,64,0.012505,,,3,0.007484,456,2,UPSAMPLED
STDP,Conv1,V1,96,0.024383,,,3,0.016357,456,2,UPSAMPLED
STDP,Conv1,V2,96,0.011102,,,3,0.007662,456,2,UPSAMPLED
STDP,Conv2,V1,96,0.034353,,,3,0.023188,456,2,UPSAMPLED
STDP,Conv2,V2,96,0.021132,,,3,0.014133,456,2,UPSAMPLED
STDP,Conv3,LOC,96,0.001769,,,3,0.002078,456,2,UPSAMPLED
STDP,FC1,IT,96,0.011924,,,3,0.007092,456,2,UPSAMPLED
STDP,Conv1,V1,128,0.022323,,,3,0.014954,456,2,UPSAMPLED
STDP,Conv1,V2,128,0.009993,,,3,0.006947,456,2,UPSAMPLED
STDP,Conv2,V1,128,0.032182,,,3,0.02173,456,2,UPSAMPLED
STDP,Conv2,V2,128,0.020332,,,3,0.013605,456,2,UPSAMPLED
STDP,Conv3,LOC,128,0.001751,,,3,0.002057,456,2,UPSAMPLED
STDP,FC1,IT,128,0.01176,,,3,0.007046,456,2,UPSAMPLED
STDP,Conv1,V1,160,0.021926,,,3,0.014685,456,2,UPSAMPLED
STDP,Conv1,V2,160,0.009775,,,3,0.006808,456,2,UPSAMPLED
STDP,Conv2,V1,160,0.030891,,,3,0.020848,456,2,UPSAMPLED
STDP,Conv2,V2,160,0.019532,,,3,0.01308,456,2,UPSAMPLED
STDP,Conv3,LOC,160,0.001938,,,3,0.002192,456,2,UPSAMPLED
STDP,FC1,IT,160,0.01128,,,3,0.006771,456,2,UPSAMPLED
STDP,Conv1,V1,224,0.021313,,,3,0.014265,456,2,UPSAMPLED
STDP,Conv1,V2,224,0.009474,,,3,0.006613,456,2,UPSAMPLED
STDP,Conv2,V1,224,0.029217,,,3,0.019713,456,2,UPSAMPLED
STDP,Conv2,V2,224,0.018627,,,3,0.012478,456,2,UPSAMPLED
STDP,Conv3,LOC,224,0.00231,,,3,0.002436,456,2,UPSAMPLED
STDP,FC1,IT,224,0.010735,,,3,0.006463,456,2,UPSAMPLED
STDP,Conv1,V1,32,0.057315,,,3,0.039116,789,3,UPSAMPLED
STDP,Conv1,V2,32,0.032338,,,3,0.021334,789,3,UPSAMPLED
STDP,Conv2,V1,32,0.063669,,,3,0.043544,789,3,UPSAMPLED
STDP,Conv2,V2,32,0.03748,,,3,0.024833,789,3,UPSAMPLED
STDP,Conv3,LOC,32,0.007956,,,3,0.00527,789,3,UPSAMPLED
STDP,FC1,IT,32,0.013071,,,3,0.008463,789,3,UPSAMPLED
STDP,Conv1,V1,64,0.03902,,,3,0.026518,789,3,UPSAMPLED
STDP,Conv1,V2,64,0.020411,,,3,0.01361,789,3,UPSAMPLED
STDP,Conv2,V1,64,0.046217,,,3,0.031647,789,3,UPSAMPLED
STDP,Conv2,V2,64,0.026199,,,3,0.017494,789,3,UPSAMPLED
STDP,Conv3,LOC,64,0.006443,,,3,0.004312,789,3,UPSAMPLED
STDP,FC1,IT,64,0.009381,,,3,0.00564,789,3,UPSAMPLED
STDP,Conv1,V1,96,0.0397,,,3,0.027001,789,3,UPSAMPLED
STDP,Conv1,V2,96,0.021283,,,3,0.014175,789,3,UPSAMPLED
STDP,Conv2,V1,96,0.045467,,,3,0.03116,789,3,UPSAMPLED
STDP,Conv2,V2,96,0.025732,,,3,0.017188,789,3,UPSAMPLED
STDP,Conv3,LOC,96,0.005453,,,3,0.003748,789,3,UPSAMPLED
STDP,FC1,IT,96,0.008758,,,3,0.00528,789,3,UPSAMPLED
STDP,Conv1,V1,128,0.040617,,,3,0.027646,789,3,UPSAMPLED
STDP,Conv1,V2,128,0.022159,,,3,0.014748,789,3,UPSAMPLED
STDP,Conv2,V1,128,0.044943,,,3,0.030836,789,3,UPSAMPLED
STDP,Conv2,V2,128,0.025603,,,3,0.017099,789,3,UPSAMPLED
STDP,Conv3,LOC,128,0.004821,,,3,0.003421,789,3,UPSAMPLED
STDP,FC1,IT,128,0.009195,,,3,0.005583,789,3,UPSAMPLED
STDP,Conv1,V1,160,0.041246,,,3,0.028083,789,3,UPSAMPLED
STDP,Conv1,V2,160,0.022631,,,3,0.015057,789,3,UPSAMPLED
STDP,Conv2,V1,160,0.044327,,,3,0.03042,789,3,UPSAMPLED
STDP,Conv2,V2,160,0.025186,,,3,0.016823,789,3,UPSAMPLED
STDP,Conv3,LOC,160,0.004561,,,3,0.003291,789,3,UPSAMPLED
STDP,FC1,IT,160,0.008836,,,3,0.005394,789,3,UPSAMPLED
STDP,Conv1,V1,224,0.041937,,,3,0.028562,789,3,UPSAMPLED
STDP,Conv1,V2,224,0.02318,,,3,0.015416,789,3,UPSAMPLED
STDP,Conv2,V1,224,0.043855,,,3,0.030116,789,3,UPSAMPLED
STDP,Conv2,V2,224,0.025006,,,3,0.016698,789,3,UPSAMPLED
STDP,Conv3,LOC,224,0.004183,,,3,0.003107,789,3,UPSAMPLED
STDP,FC1,IT,224,0.008796,,,3,0.005351,789,3,UPSAMPLED
STDP,Conv1,V1,32,0.059156,,,3,0.040347,1337,4,UPSAMPLED
STDP,Conv1,V2,32,0.034879,,,3,0.023181,1337,4,UPSAMPLED
STDP,Conv2,V1,32,0.067373,,,3,0.045874,1337,4,UPSAMPLED
STDP,Conv2,V2,32,0.040727,,,3,0.026936,1337,4,UPSAMPLED
STDP,Conv3,LOC,32,0.003747,,,3,0.002897,1337,4,UPSAMPLED
STDP,FC1,IT,32,0.016663,,,3,0.010564,1337,4,UPSAMPLED
STDP,Conv1,V1,64,0.027138,,,3,0.01822,1337,4,UPSAMPLED
STDP,Conv1,V2,64,0.014241,,,3,0.009683,1337,4,UPSAMPLED
STDP,Conv2,V1,64,0.041051,,,3,0.027744,1337,4,UPSAMPLED
STDP,Conv2,V2,64,0.025376,,,3,0.016752,1337,4,UPSAMPLED
STDP,Conv3,LOC,64,0.001736,,,3,0.001614,1337,4,UPSAMPLED
STDP,FC1,IT,64,0.014088,,,3,0.008427,1337,4,UPSAMPLED
STDP,Conv1,V1,96,0.02024,,,3,0.013488,1337,4,UPSAMPLED
STDP,Conv1,V2,96,0.009941,,,3,0.006887,1337,4,UPSAMPLED
STDP,Conv2,V1,96,0.035461,,,3,0.024067,1337,4,UPSAMPLED
STDP,Conv2,V2,96,0.022261,,,3,0.014759,1337,4,UPSAMPLED
STDP,Conv3,LOC,96,-0.000227,,,3,0.00049,1337,4,UPSAMPLED
STDP,FC1,IT,96,0.011875,,,3,0.007163,1337,4,UPSAMPLED
STDP,Conv1,V1,128,0.016628,,,3,0.011026,1337,4,UPSAMPLED
STDP,Conv1,V2,128,0.007775,,,3,0.005487,1337,4,UPSAMPLED
STDP,Conv2,V1,128,0.031909,,,3,0.021757,1337,4,UPSAMPLED
STDP,Conv2,V2,128,0.020366,,,3,0.013543,1337,4,UPSAMPLED
STDP,Conv3,LOC,128,-0.000155,,,3,0.000489,1337,4,UPSAMPLED
STDP,FC1,IT,128,0.010848,,,3,0.006655,1337,4,UPSAMPLED
STDP,Conv1,V1,160,0.015683,,,3,0.010385,1337,4,UPSAMPLED
STDP,Conv1,V2,160,0.007164,,,3,0.005095,1337,4,UPSAMPLED
STDP,Conv2,V1,160,0.030977,,,3,0.021151,1337,4,UPSAMPLED
STDP,Conv2,V2,160,0.019829,,,3,0.013204,1337,4,UPSAMPLED
STDP,Conv3,LOC,160,-0.000344,,,3,0.000403,1337,4,UPSAMPLED
STDP,FC1,IT,160,0.010312,,,3,0.006363,1337,4,UPSAMPLED
STDP,Conv1,V1,224,0.014361,,,3,0.009487,1337,4,UPSAMPLED
STDP,Conv1,V2,224,0.006376,,,3,0.004588,1337,4,UPSAMPLED
STDP,Conv2,V1,224,0.028999,,,3,0.01985,1337,4,UPSAMPLED
STDP,Conv2,V2,224,0.018604,,,3,0.01242,1337,4,UPSAMPLED
STDP,Conv3,LOC,224,3.3e-05,,,3,0.000605,1337,4,UPSAMPLED
STDP,FC1,IT,224,0.009743,,,3,0.006069,1337,4,UPSAMPLED
